table_schema,table_name,column_name,data_type,is_nullable,column_default
FH,FHAPCheckPrintTemplates,FHAPCheckTemplateKey,uuid,NO,
FH,FHAPCheckPrintTemplates,FHBankAccountSetupDataKey,uuid,YES,
FH,FHAPCheckPrintTemplates,BankNumber,text,YES,
FH,FHAPCheckPrintTemplates,TemplateName,text,YES,
FH,FHAPCheckPrintTemplates,IsPrintWithOverlay,boolean,NO,
FH,FHAPCheckPrintTemplates,Overlay,text,YES,
FH,FHAPCheckPrintTemplates,PrintPaperFontCode,integer,YES,
FH,FHAPCheckPrintTemplates,HtmlTemplate,text,YES,
FH,FHAPCheckPrintTemplates,IsEditable,boolean,NO,
FH,FHAPCheckPrintTemplates,HtmlString,text,YES,
FH,FHAPCheckPrintTemplates,IsDefault,boolean,YES,
FH,FHAPCheckPrintTemplates,Created,timestamp without time zone,YES,
FH,FHAPCheckPrintTemplates,CreatedBy,text,YES,
FH,FHAPCheckPrintTemplates,LastModified,timestamp without time zone,YES,
FH,FHAPCheckPrintTemplates,LastModifiedBy,text,YES,
FH,FHAPCheckPrintTemplates,IsInActive,boolean,NO,
FH,FHAPCheckPrintTemplates,PrintPaperLength,numeric,YES,
FH,FHAPCheckPrintTemplates,PrintPaperWidth,numeric,YES,
FH,FHAPCheckPrintTemplates,PrintPaperFontSize,numeric,YES,
FH,FHAPCheckPrintTemplates,OverlayName,text,YES,
FH,FHAPCheckPrintTemplates,CSSStyle,text,YES,
FH,FHAPCheckPrintTemplates,HTMLPrintTemplate,text,YES,
FH,FHAPCheckPrintTemplates,HtmlTableBody,text,YES,
FH,FHAPFinalizedRunDatas,FHAPFinalizedRunDataKey,uuid,NO,
FH,FHAPFinalizedRunDatas,RunNumber,integer,NO,
FH,FHAPFinalizedRunDatas,InvoiceCount,integer,NO,
FH,FHAPFinalizedRunDatas,CheckCount,integer,NO,
FH,FHAPFinalizedRunDatas,InvoiceAmount,numeric,NO,
FH,FHAPFinalizedRunDatas,CheckAmount,numeric,NO,
FH,FHAPFinalizedRunDatas,PostingDate,timestamp without time zone,NO,
FH,FHAPFinalizedRunDatas,APRunStatus,integer,NO,
FH,FHAPFinalizedRunDatas,Created,timestamp without time zone,YES,
FH,FHAPFinalizedRunDatas,CreatedBy,text,YES,
FH,FHAPFinalizedRunDatas,LastModified,timestamp without time zone,YES,
FH,FHAPFinalizedRunDatas,LastModifiedBy,text,YES,
FH,FHAPFinalizedRunDatas,IsInActive,boolean,NO,
FH,FHAPInvoiceAccountLineCreditAmountLogs,FHAPInvoiceAccountLineCreditAmountLogKey,uuid,NO,
FH,FHAPInvoiceAccountLineCreditAmountLogs,FHAPInvoiceAccountLineFromDataKey,uuid,NO,
FH,FHAPInvoiceAccountLineCreditAmountLogs,OldCreditAmount,numeric,YES,
FH,FHAPInvoiceAccountLineCreditAmountLogs,AppliedCreditAmount,numeric,YES,
FH,FHAPInvoiceAccountLineCreditAmountLogs,NewCreditAmount,numeric,NO,
FH,FHAPInvoiceAccountLineCreditAmountLogs,Created,timestamp without time zone,YES,
FH,FHAPInvoiceAccountLineCreditAmountLogs,CreatedBy,text,YES,
FH,FHAPInvoiceAccountLineCreditAmountLogs,LastModified,timestamp without time zone,YES,
FH,FHAPInvoiceAccountLineCreditAmountLogs,LastModifiedBy,text,YES,
FH,FHAPInvoiceAccountLineCreditAmountLogs,IsInActive,boolean,NO,
FH,FHAPInvoiceAccountLineDatas,FHAPInvoiceAccountLineDataKey,uuid,NO,
FH,FHAPInvoiceAccountLineDatas,FHAPInvoiceDataKey,uuid,NO,
FH,FHAPInvoiceAccountLineDatas,FHGLAccountDataKey,uuid,NO,
FH,FHAPInvoiceAccountLineDatas,Amount,numeric,NO,
FH,FHAPInvoiceAccountLineDatas,Reference,text,NO,
FH,FHAPInvoiceAccountLineDatas,FHDistributionIdSetupDataKey,uuid,NO,
FH,FHAPInvoiceAccountLineDatas,Is1099Transaction,integer,NO,
FH,FHAPInvoiceAccountLineDatas,CheckGrouping,text,YES,
FH,FHAPInvoiceAccountLineDatas,Created,timestamp without time zone,YES,
FH,FHAPInvoiceAccountLineDatas,CreatedBy,text,YES,
FH,FHAPInvoiceAccountLineDatas,LastModified,timestamp without time zone,YES,
FH,FHAPInvoiceAccountLineDatas,LastModifiedBy,text,YES,
FH,FHAPInvoiceAccountLineDatas,IsInActive,boolean,NO,
FH,FHAPInvoiceAccountLineDatas,FHApInvoiceCheckDataKey,uuid,YES,
FH,FHAPInvoiceAccountLineDatas,AppliedCreditAmount,numeric,YES,
FH,FHAPInvoiceAccountLineDatas,AvailableCreditAmount,numeric,YES,
FH,FHAPInvoiceAccountLineDatas,BalanceCreditAmount,numeric,YES,
FH,FHAPInvoiceAccountLineDatas,ActualPaymentAmount,numeric,YES,
FH,FHAPInvoiceAccountLineDatas,PaidAmountByVendorCredit,numeric,YES,
FH,FHAPInvoiceAccountLineDatas,BankNumber,text,YES,
FH,FHAPInvoiceAccountLineDatas,CheckGroupingNumber,integer,NO,0
FH,FHAPInvoiceAccountLineDatas,FHBankAccountSetupDataKey,uuid,YES,
FH,FHAPInvoiceCheckDatas,FHAPInvoiceCheckDataKey,uuid,NO,
FH,FHAPInvoiceCheckDatas,FHAPInvoiceDataKey,uuid,YES,
FH,FHAPInvoiceCheckDatas,InvoiceNumber,text,NO,
FH,FHAPInvoiceCheckDatas,InvoiceDate,timestamp without time zone,NO,
FH,FHAPInvoiceCheckDatas,InvoiceAmount,numeric,NO,
FH,FHAPInvoiceCheckDatas,CheckAmount,numeric,NO,
FH,FHAPInvoiceCheckDatas,Description,text,YES,
FH,FHAPInvoiceCheckDatas,FHVendorSetupDataKey,uuid,NO,
FH,FHAPInvoiceCheckDatas,FHBankAccountSetupDataKey,uuid,NO,
FH,FHAPInvoiceCheckDatas,PrintStatus,integer,NO,
FH,FHAPInvoiceCheckDatas,FHAPFinalizedRunDataKey,uuid,YES,
FH,FHAPInvoiceCheckDatas,Created,timestamp without time zone,YES,
FH,FHAPInvoiceCheckDatas,CreatedBy,text,YES,
FH,FHAPInvoiceCheckDatas,LastModified,timestamp without time zone,YES,
FH,FHAPInvoiceCheckDatas,LastModifiedBy,text,YES,
FH,FHAPInvoiceCheckDatas,IsInActive,boolean,NO,
FH,FHAPInvoiceCheckDatas,FHDistributionIdSetupDataKey,uuid,YES,
FH,FHAPInvoiceCheckDatas,ActualPaymentAmount,numeric,YES,
FH,FHAPInvoiceCheckDatas,PaidAmountByVendorCredit,numeric,YES,
FH,FHAPInvoiceCheckDatas,CheckDate,timestamp without time zone,YES,
FH,FHAPInvoiceCheckDatas,CheckNumber,bigint,YES,
FH,FHAPInvoiceCheckPrintDatas,FHAPInvoiceCheckPrintDataKey,uuid,NO,
FH,FHAPInvoiceCheckPrintDatas,IsVendorAndAmountVerified,boolean,NO,
FH,FHAPInvoiceCheckPrintDatas,IsPrintedCorrectly,boolean,NO,
FH,FHAPInvoiceCheckPrintDatas,ReprintReason,text,YES,
FH,FHAPInvoiceCheckPrintDatas,DamagedCheckRange,text,YES,
FH,FHAPInvoiceCheckPrintDatas,Created,timestamp without time zone,YES,
FH,FHAPInvoiceCheckPrintDatas,CreatedBy,text,YES,
FH,FHAPInvoiceCheckPrintDatas,LastModified,timestamp without time zone,YES,
FH,FHAPInvoiceCheckPrintDatas,LastModifiedBy,text,YES,
FH,FHAPInvoiceCheckPrintDatas,IsInActive,boolean,NO,
FH,FHAPInvoiceCheckPrintDatas,FromCheckNumber,bigint,NO,0
FH,FHAPInvoiceCheckPrintLogs,FHAPInvoiceCheckPrintLogKey,uuid,NO,
FH,FHAPInvoiceCheckPrintLogs,FHAPInvoiceCheckDataKey,uuid,NO,
FH,FHAPInvoiceCheckPrintLogs,FHAPInvoiceCheckPrintDataKey,uuid,YES,
FH,FHAPInvoiceCheckPrintLogs,Created,timestamp without time zone,YES,
FH,FHAPInvoiceCheckPrintLogs,CreatedBy,text,YES,
FH,FHAPInvoiceCheckPrintLogs,LastModified,timestamp without time zone,YES,
FH,FHAPInvoiceCheckPrintLogs,LastModifiedBy,text,YES,
FH,FHAPInvoiceCheckPrintLogs,IsInActive,boolean,NO,
FH,FHAPInvoiceCheckPrintLogs,Status,integer,YES,
FH,FHAPInvoiceCheckPrintLogs,NewCheckNumber,bigint,NO,0
FH,FHAPInvoiceCheckPrintLogs,OldCheckNumber,bigint,YES,
FH,FHAPInvoiceCreditAppliedDatas,FHAPInvoiceToDataKey,uuid,NO,
FH,FHAPInvoiceCreditAppliedDatas,FHAPInvoiceFromDataKey,uuid,NO,
FH,FHAPInvoiceCreditAppliedDatas,FHAPInvoiceCreditAppliedDataKey,uuid,NO,
FH,FHAPInvoiceCreditAppliedDatas,FHAPInvoiceAccountLineFromDataKey,uuid,NO,
FH,FHAPInvoiceCreditAppliedDatas,AppliedCreditAmount,numeric,NO,
FH,FHAPInvoiceCreditAppliedDatas,Created,timestamp without time zone,YES,
FH,FHAPInvoiceCreditAppliedDatas,CreatedBy,text,YES,
FH,FHAPInvoiceCreditAppliedDatas,LastModified,timestamp without time zone,YES,
FH,FHAPInvoiceCreditAppliedDatas,LastModifiedBy,text,YES,
FH,FHAPInvoiceCreditAppliedDatas,IsInActive,boolean,NO,
FH,FHAPInvoiceDatas,FHAPInvoiceDataKey,uuid,NO,
FH,FHAPInvoiceDatas,FHVendorSetupDataKey,uuid,NO,
FH,FHAPInvoiceDatas,InvoiceNumber,text,NO,
FH,FHAPInvoiceDatas,InvoiceDate,timestamp without time zone,NO,
FH,FHAPInvoiceDatas,InvoiceAmount,numeric,NO,
FH,FHAPInvoiceDatas,Description,text,YES,
FH,FHAPInvoiceDatas,Status,integer,NO,
FH,FHAPInvoiceDatas,FHAPFinalizedRunDataKey,uuid,YES,
FH,FHAPInvoiceDatas,Created,timestamp without time zone,YES,
FH,FHAPInvoiceDatas,CreatedBy,text,YES,
FH,FHAPInvoiceDatas,LastModified,timestamp without time zone,YES,
FH,FHAPInvoiceDatas,LastModifiedBy,text,YES,
FH,FHAPInvoiceDatas,IsInActive,boolean,NO,
FH,FHAPInvoiceDatas,PaymentMethod,integer,YES,
FH,FHAPInvoiceDatas,PaymentStatus,integer,YES,
FH,FHAPInvoiceDatas,VoidDate,timestamp without time zone,YES,
FH,FHAPInvoiceDatas,VoidReason,text,YES,
FH,FHAPInvoiceDatas,VoidAction,integer,YES,
FH,FHAPInvoiceDatas,ActualPaymentAmount,numeric,YES,
FH,FHAPInvoiceDatas,PaidAmountByVendorCredit,numeric,YES,
FH,FHAPInvoiceNachaDatas,FHAPInvoiceNachaDataKey,uuid,NO,
FH,FHAPInvoiceNachaDatas,NachaUniqueId,integer,NO,
FH,FHAPInvoiceNachaDatas,FHAPFinalizedRunDataKey,uuid,YES,
FH,FHAPInvoiceNachaDatas,FileName,text,NO,
FH,FHAPInvoiceNachaDatas,FileExtension,text,NO,
FH,FHAPInvoiceNachaDatas,FilePath,text,NO,
FH,FHAPInvoiceNachaDatas,ZipFileName,text,NO,
FH,FHAPInvoiceNachaDatas,Created,timestamp without time zone,YES,
FH,FHAPInvoiceNachaDatas,CreatedBy,text,YES,
FH,FHAPInvoiceNachaDatas,LastModified,timestamp without time zone,YES,
FH,FHAPInvoiceNachaDatas,LastModifiedBy,text,YES,
FH,FHAPInvoiceNachaDatas,IsInActive,boolean,NO,
FH,FHAPInvoiceNachaDetailDatas,FHAPInvoiceNachaDetailDataKey,uuid,NO,
FH,FHAPInvoiceNachaDetailDatas,FHAPInvoiceNachaDataKey,uuid,YES,
FH,FHAPInvoiceNachaDetailDatas,FHBankAccountSetupDataKey,uuid,YES,
FH,FHAPInvoiceNachaDetailDatas,FHAPInvoiceDataKey,uuid,YES,
FH,FHAPInvoiceNachaDetailDatas,Created,timestamp without time zone,YES,
FH,FHAPInvoiceNachaDetailDatas,CreatedBy,text,YES,
FH,FHAPInvoiceNachaDetailDatas,LastModified,timestamp without time zone,YES,
FH,FHAPInvoiceNachaDetailDatas,LastModifiedBy,text,YES,
FH,FHAPInvoiceNachaDetailDatas,IsInActive,boolean,NO,
FH,FHAPInvoiceNachaDetailDatas,FHAPInvoiceAccountLineDataKey,uuid,YES,
FH,FHAPInvoiceNachalogs,FHAPInvoiceNachalogKey,uuid,NO,
FH,FHAPInvoiceNachalogs,FHAPInvoiceNachaDataKey,uuid,YES,
FH,FHAPInvoiceNachalogs,Created,timestamp without time zone,YES,
FH,FHAPInvoiceNachalogs,CreatedBy,text,YES,
FH,FHAPInvoiceNachalogs,LastModified,timestamp without time zone,YES,
FH,FHAPInvoiceNachalogs,LastModifiedBy,text,YES,
FH,FHAPInvoiceNachalogs,IsInActive,boolean,NO,
FH,FHAPInvoiceNachalogs,Message,text,YES,
FH,FHAPInvoiceNachalogs,Status,integer,NO,0
FH,FHAPInvoiceNachalogs,Type,integer,NO,0
FH,FHAPInvoiceNoteAttachmentDatas,FHAPInvoiceNoteAttachmentDataKey,uuid,NO,
FH,FHAPInvoiceNoteAttachmentDatas,FHAPInvoiceNoteDataKey,uuid,YES,
FH,FHAPInvoiceNoteAttachmentDatas,FileName,text,NO,
FH,FHAPInvoiceNoteAttachmentDatas,FilePath,text,NO,
FH,FHAPInvoiceNoteAttachmentDatas,Size,integer,NO,
FH,FHAPInvoiceNoteAttachmentDatas,FileExtension,text,NO,
FH,FHAPInvoiceNoteAttachmentDatas,Created,timestamp without time zone,YES,
FH,FHAPInvoiceNoteAttachmentDatas,CreatedBy,text,YES,
FH,FHAPInvoiceNoteAttachmentDatas,LastModified,timestamp without time zone,YES,
FH,FHAPInvoiceNoteAttachmentDatas,LastModifiedBy,text,YES,
FH,FHAPInvoiceNoteAttachmentDatas,IsInActive,boolean,NO,
FH,FHAPInvoiceNotesDatas,FHAPInvoiceNoteDataKey,uuid,NO,
FH,FHAPInvoiceNotesDatas,FHAPInvoiceDataKey,uuid,YES,
FH,FHAPInvoiceNotesDatas,Note,text,NO,
FH,FHAPInvoiceNotesDatas,Created,timestamp without time zone,YES,
FH,FHAPInvoiceNotesDatas,CreatedBy,text,YES,
FH,FHAPInvoiceNotesDatas,LastModified,timestamp without time zone,YES,
FH,FHAPInvoiceNotesDatas,LastModifiedBy,text,YES,
FH,FHAPInvoiceNotesDatas,IsInActive,boolean,NO,
FH,FHAPParameterSettings,FHAPParameterSettingsKey,uuid,NO,
FH,FHAPParameterSettings,GLUpdateMode,integer,NO,
FH,FHAPParameterSettings,UseTaxRate,numeric,YES,
FH,FHAPParameterSettings,FederalTaxId,text,NO,
FH,FHAPParameterSettings,StateTaxId,text,NO,
FH,FHAPParameterSettings,UseCheckVoucher,integer,NO,
FH,FHAPParameterSettings,VoucherFormat,integer,NO,
FH,FHAPParameterSettings,Created,timestamp without time zone,YES,
FH,FHAPParameterSettings,CreatedBy,text,YES,
FH,FHAPParameterSettings,LastModified,timestamp without time zone,YES,
FH,FHAPParameterSettings,LastModifiedBy,text,YES,
FH,FHAPParameterSettings,IsInActive,boolean,NO,
FH,FHAPParameterSettings,UseNonStandardCheckFormatting,integer,YES,
FH,FHAPParameterSettingsInformations,FHAPParameterSettingsInformationKey,uuid,NO,
FH,FHAPParameterSettingsInformations,Field,text,YES,
FH,FHAPParameterSettingsInformations,HeaderName,text,YES,
FH,FHAPParameterSettingsInformations,Description,text,YES,
FH,FHAPParameterSettingsInformations,Created,timestamp without time zone,YES,
FH,FHAPParameterSettingsInformations,CreatedBy,text,YES,
FH,FHAPParameterSettingsInformations,LastModified,timestamp without time zone,YES,
FH,FHAPParameterSettingsInformations,LastModifiedBy,text,YES,
FH,FHAPParameterSettingsInformations,IsInActive,boolean,NO,
FH,FHAPPrintDataLogs,FHAPPrintDataLogKey,uuid,NO,
FH,FHAPPrintDataLogs,PrintCategory,integer,YES,
FH,FHAPPrintDataLogs,VoucherNumber,text,YES,
FH,FHAPPrintDataLogs,CheckNumber,text,YES,
FH,FHAPPrintDataLogs,VoucherFormat,integer,YES,
FH,FHAPPrintDataLogs,TaxFormat,integer,YES,
FH,FHAPPrintDataLogs,InvoiceNumber,text,YES,
FH,FHAPPrintDataLogs,Created,timestamp without time zone,YES,
FH,FHAPPrintDataLogs,CreatedBy,text,YES,
FH,FHAPPrintDataLogs,LastModified,timestamp without time zone,YES,
FH,FHAPPrintDataLogs,LastModifiedBy,text,YES,
FH,FHAPPrintDataLogs,IsInActive,boolean,NO,
FH,FHAPRunBankTransactionMappingDatas,FHAPRunBankTransactionMappingDataKey,uuid,NO,
FH,FHAPRunBankTransactionMappingDatas,FHAPFinalizedRunDataKey,uuid,YES,
FH,FHAPRunBankTransactionMappingDatas,FHAPInvoiceDataKey,uuid,YES,
FH,FHAPRunBankTransactionMappingDatas,FHAPInvoiceCheckDataKey,uuid,YES,
FH,FHAPRunBankTransactionMappingDatas,FHBankTransactionDataKey,uuid,YES,
FH,FHAPRunJournalMappingDatas,FHAPRunJournalMappingDataKey,uuid,NO,
FH,FHAPRunJournalMappingDatas,FHAPFinalizedRunDataKey,uuid,YES,
FH,FHAPRunJournalMappingDatas,FHAPInvoiceDataKey,uuid,YES,
FH,FHAPRunJournalMappingDatas,FHGLJournalDataKey,uuid,YES,
FH,FHARParameterSettings,FHARParameterSettingsKey,uuid,NO,
FH,FHARParameterSettings,DefaultIVRRevenueCode,integer,NO,
FH,FHARParameterSettings,Created,timestamp without time zone,YES,
FH,FHARParameterSettings,CreatedBy,text,YES,
FH,FHARParameterSettings,LastModified,timestamp without time zone,YES,
FH,FHARParameterSettings,LastModifiedBy,text,YES,
FH,FHARParameterSettings,IsInActive,boolean,NO,
FH,FHARParameterSettings,DefaultIVRRevenueCodeDataKey,uuid,YES,
FH,FHARParameterSettings,DefaultBankForCreditCardDepositsGLDataKey,uuid,YES,
FH,FHARParameterSettings,DefaultBankForCreditCardDepositsUBDataKey,uuid,YES,
FH,FHARParameterSettings,DefaultIVRPaymentTypeDataKey,uuid,YES,
FH,FHARParameterSettings,DefaultPaymentTypeDataKey,uuid,YES,
FH,FHARParameterSettings,DepositNonCreditCardPmtsbyPmtType,integer,YES,
FH,FHARParameterSettings,DepositNonCreditCardPmtstoBankonGLDistId,integer,YES,
FH,FHARParameterSettings,FrontDeskBankNumberDataKey,uuid,YES,
FH,FHARParameterSettings,FrontDeskCreditCardPaymentTypeDataKey,uuid,YES,
FH,FHARParameterSettings,FrontDeskECheckPaymentTypeDataKey,uuid,YES,
FH,FHARParameterSettings,FrontDeskUBRevenueCodeDataKey,uuid,YES,
FH,FHARParameterSettings,LastJournalNumber,integer,NO,0
FH,FHARParameterSettingsInformations,FHARParameterSettingsInformationKey,uuid,NO,
FH,FHARParameterSettingsInformations,Field,text,YES,
FH,FHARParameterSettingsInformations,HeaderName,text,YES,
FH,FHARParameterSettingsInformations,Description,text,YES,
FH,FHARParameterSettingsInformations,Created,timestamp without time zone,YES,
FH,FHARParameterSettingsInformations,CreatedBy,text,YES,
FH,FHARParameterSettingsInformations,LastModified,timestamp without time zone,YES,
FH,FHARParameterSettingsInformations,LastModifiedBy,text,YES,
FH,FHARParameterSettingsInformations,IsInActive,boolean,NO,
FH,FHARPaymentTypes,FHARPaymentTypeKey,uuid,NO,
FH,FHARPaymentTypes,RecordType,integer,NO,
FH,FHARPaymentTypes,PaymentTypeName,text,YES,
FH,FHARPaymentTypes,Created,timestamp without time zone,YES,
FH,FHARPaymentTypes,CreatedBy,text,YES,
FH,FHARPaymentTypes,LastModified,timestamp without time zone,YES,
FH,FHARPaymentTypes,LastModifiedBy,text,YES,
FH,FHARPaymentTypes,IsInActive,boolean,NO,
FH,FHARPaymentTypes,DefaultFHARPaymentTypeKey,uuid,YES,
FH,FHARPaymentTypes,DefaultPaymentGroup,integer,YES,
FH,FHAccountBreakConfigurations,FHAccountBreakConfigurationKey,uuid,NO,
FH,FHAccountBreakConfigurations,PrimaryName,text,YES,
FH,FHAccountBreakConfigurations,DisplayName,text,YES,
FH,FHAccountBreakConfigurations,StandardNumberOfCodeDigits,integer,NO,
FH,FHAccountBreakConfigurations,SequenceNumber,integer,NO,
FH,FHAccountBreakConfigurations,FHAccountBreak,integer,NO,
FH,FHAccountBreakConfigurations,Created,timestamp without time zone,YES,
FH,FHAccountBreakConfigurations,CreatedBy,text,YES,
FH,FHAccountBreakConfigurations,LastModified,timestamp without time zone,YES,
FH,FHAccountBreakConfigurations,LastModifiedBy,text,YES,
FH,FHAccountBreakConfigurations,IsInActive,boolean,NO,
FH,FHAccountLineBalanceTypes,FHAccountLineBalanceTypeKey,uuid,NO,
FH,FHAccountLineBalanceTypes,FHAccountLineType,integer,NO,
FH,FHAccountLineBalanceTypes,FHBalanceType,integer,NO,
FH,FHAccountLineBalanceTypes,Created,timestamp without time zone,YES,
FH,FHAccountLineBalanceTypes,CreatedBy,text,YES,
FH,FHAccountLineBalanceTypes,LastModified,timestamp without time zone,YES,
FH,FHAccountLineBalanceTypes,LastModifiedBy,text,YES,
FH,FHAccountLineBalanceTypes,IsInActive,boolean,NO,
FH,FHAccountLineBreakDatas,FHAccountLineBreakDataKey,uuid,NO,
FH,FHAccountLineBreakDatas,AccountLineCode,text,YES,
FH,FHAccountLineBreakDatas,AccountLineName,text,YES,
FH,FHAccountLineBreakDatas,FHAccountLineRangeConfigurationKey,uuid,YES,
FH,FHAccountLineBreakDatas,Created,timestamp without time zone,YES,
FH,FHAccountLineBreakDatas,CreatedBy,text,YES,
FH,FHAccountLineBreakDatas,LastModified,timestamp without time zone,YES,
FH,FHAccountLineBreakDatas,LastModifiedBy,text,YES,
FH,FHAccountLineBreakDatas,IsInActive,boolean,NO,
FH,FHAccountLineBreakDatas,FHAccountBreakConfigurationKey,uuid,YES,
FH,FHAccountLineBreakDatas,IsCashAccountLine,boolean,YES,
FH,FHAccountLineBreakDatas,FHAccountLineType,integer,YES,
FH,FHAccountLineBreakDatas,FHBalanceType,integer,YES,
FH,FHAccountLineBreakDatas,FHStatementType,integer,YES,
FH,FHAccountLineRangeConfigurations,FHAccountLineRangeConfigurationKey,uuid,NO,
FH,FHAccountLineRangeConfigurations,FHAccountLineType,integer,NO,
FH,FHAccountLineRangeConfigurations,FHBalanceType,integer,NO,
FH,FHAccountLineRangeConfigurations,FHStatementType,integer,NO,
FH,FHAccountLineRangeConfigurations,AccountLineStartRange,integer,NO,
FH,FHAccountLineRangeConfigurations,AccountLineEndRange,integer,NO,
FH,FHAccountLineRangeConfigurations,Created,timestamp without time zone,YES,
FH,FHAccountLineRangeConfigurations,CreatedBy,text,YES,
FH,FHAccountLineRangeConfigurations,LastModified,timestamp without time zone,YES,
FH,FHAccountLineRangeConfigurations,LastModifiedBy,text,YES,
FH,FHAccountLineRangeConfigurations,IsInActive,boolean,NO,
FH,FHAccountLineStatementTypes,FHAccountLineStatementTypeKey,uuid,NO,
FH,FHAccountLineStatementTypes,FHAccountLineType,integer,NO,
FH,FHAccountLineStatementTypes,FHStatementType,integer,NO,
FH,FHAccountLineStatementTypes,Created,timestamp without time zone,YES,
FH,FHAccountLineStatementTypes,CreatedBy,text,YES,
FH,FHAccountLineStatementTypes,LastModified,timestamp without time zone,YES,
FH,FHAccountLineStatementTypes,LastModifiedBy,text,YES,
FH,FHAccountLineStatementTypes,IsInActive,boolean,NO,
FH,FHAccountTypeLineBreakFormats,FHAccountTypeLineBreakFormatKey,uuid,NO,
FH,FHAccountTypeLineBreakFormats,FHAccountLineType,integer,NO,
FH,FHAccountTypeLineBreakFormats,FHAccountTypeLineBreakFormatSeparator,integer,NO,
FH,FHAccountTypeLineBreakFormats,Created,timestamp without time zone,YES,
FH,FHAccountTypeLineBreakFormats,CreatedBy,text,YES,
FH,FHAccountTypeLineBreakFormats,LastModified,timestamp without time zone,YES,
FH,FHAccountTypeLineBreakFormats,LastModifiedBy,text,YES,
FH,FHAccountTypeLineBreakFormats,IsInActive,boolean,NO,
FH,FHAccountTypeLineBreakFormats,FHAccountBreakConfigurationKey,uuid,YES,
FH,FHAccountTypeLineBreakFormats,StandardNumberOfCodeDigits,integer,YES,
FH,FHAccountingSettings,FHAccountingSettingsKey,uuid,NO,
FH,FHAccountingSettings,FHAccountingMethod,integer,YES,
FH,FHAccountingSettings,Created,timestamp without time zone,YES,
FH,FHAccountingSettings,CreatedBy,text,YES,
FH,FHAccountingSettings,LastModified,timestamp without time zone,YES,
FH,FHAccountingSettings,LastModifiedBy,text,YES,
FH,FHAccountingSettings,IsInActive,boolean,NO,
FH,FHAccountsPaybleExportDatas,FHAccountsPaybleExportDataKey,uuid,NO,
FH,FHAccountsPaybleExportDatas,InvoiceNumber,text,NO,
FH,FHAccountsPaybleExportDatas,VendorId,text,NO,
FH,FHAccountsPaybleExportDatas,VendorName,text,NO,
FH,FHAccountsPaybleExportDatas,AccountNumber,text,NO,
FH,FHAccountsPaybleExportDatas,Amount,numeric,NO,
FH,FHAccountsPaybleExportDatas,Created,timestamp without time zone,YES,
FH,FHAccountsPaybleExportDatas,CreatedBy,text,YES,
FH,FHAccountsPaybleExportDatas,LastModified,timestamp without time zone,YES,
FH,FHAccountsPaybleExportDatas,LastModifiedBy,text,YES,
FH,FHAccountsPaybleExportDatas,IsInActive,boolean,NO,
FH,FHAccountsPaybleExportDatas,EventDateTime,timestamp without time zone,YES,
FH,FHAccountsPaybleExportDatas,VendorFrequencyTypeId,integer,YES,
FH,FHActivityAccountBreakDatas,FHActivityAccountBreakDataKey,uuid,NO,
FH,FHActivityAccountBreakDatas,ActivityCode,text,YES,
FH,FHActivityAccountBreakDatas,ActivityName,text,YES,
FH,FHActivityAccountBreakDatas,FHAccountLineType,integer,YES,
FH,FHActivityAccountBreakDatas,FHAccountBreakConfigurationKey,uuid,YES,
FH,FHActivityAccountBreakDatas,Created,timestamp without time zone,YES,
FH,FHActivityAccountBreakDatas,CreatedBy,text,YES,
FH,FHActivityAccountBreakDatas,LastModified,timestamp without time zone,YES,
FH,FHActivityAccountBreakDatas,LastModifiedBy,text,YES,
FH,FHActivityAccountBreakDatas,IsInActive,boolean,NO,
FH,FHAuditTrails,Id,integer,NO,
FH,FHAuditTrails,UserId,character varying,YES,
FH,FHAuditTrails,Type,character varying,YES,
FH,FHAuditTrails,DateTime,timestamp without time zone,YES,
FH,FHAuditTrails,OldValues,text,YES,
FH,FHAuditTrails,NewValues,text,YES,
FH,FHAuditTrails,AffectedColumns,text,YES,
FH,FHAuditTrails,PrimaryKey,character varying,YES,
FH,FHAuditTrails,AuditTable,integer,YES,
FH,FHAuditTrails,AuditProperties,text,YES,
FH,FHBankAccountSetupDatas,FHBankAccountSetupDataKey,uuid,NO,
FH,FHBankAccountSetupDatas,BankNumber,text,YES,
FH,FHBankAccountSetupDatas,BankName,text,YES,
FH,FHBankAccountSetupDatas,Created,timestamp without time zone,YES,
FH,FHBankAccountSetupDatas,CreatedBy,text,YES,
FH,FHBankAccountSetupDatas,LastModified,timestamp without time zone,YES,
FH,FHBankAccountSetupDatas,LastModifiedBy,text,YES,
FH,FHBankAccountSetupDatas,IsInActive,boolean,NO,
FH,FHBankAccountSetupDatas,Address1,text,YES,
FH,FHBankAccountSetupDatas,Address2,text,YES,
FH,FHBankAccountSetupDatas,BankAccountNumber,text,YES,
FH,FHBankAccountSetupDatas,BankBalance,numeric,NO,
FH,FHBankAccountSetupDatas,BankRoutingNumber,text,YES,
FH,FHBankAccountSetupDatas,City,text,YES,
FH,FHBankAccountSetupDatas,PhoneNumber,text,YES,
FH,FHBankAccountSetupDatas,State,text,YES,
FH,FHBankAccountSetupDatas,Zipcode,text,YES,
FH,FHBankAccountSetupDatas,SweepAccountBankNumber,text,YES,
FH,FHBankAccountSetupDatas,SweepAccountLinked,boolean,NO,false
FH,FHBankAccountSetupDatas,SweepAccountBankBalance,numeric,NO,0.0
FH,FHBankAccountSetupDatas,AccountNumber,text,YES,
FH,FHBankAccountSetupDatas,BankAccountType,integer,YES,
FH,FHBankAccountSetupDatas,CompanyId,text,YES,
FH,FHBankAccountSetupDatas,CompanyName,text,YES,
FH,FHBankAccountSetupDatas,ImmediateDestination,text,YES,
FH,FHBankAccountSetupDatas,ImmediateDestinationName,text,YES,
FH,FHBankAccountSetupDatas,ImmediateOrigin,text,YES,
FH,FHBankAccountSetupDatas,ImmediateOriginName,text,YES,
FH,FHBankAccountSetupDatas,IncludeDebitsCredits,boolean,YES,
FH,FHBankAccountSetupDatas,IsSweepBank,boolean,YES,
FH,FHBankAccountSetupDatas,OpeningBankBalance,numeric,YES,
FH,FHBankAccountSetupDatas,SweepAccountOpeningBankBalance,numeric,YES,
FH,FHBankAccountSetupDatas,LastStatementBalance,numeric,YES,
FH,FHBankAccountSetupDatas,IsEncrypted,boolean,YES,
FH,FHBankPositivePay,FHBankPositivePayKey,uuid,NO,
FH,FHBankPositivePay,FHBankAccountSetupDataKey,uuid,NO,
FH,FHBankPositivePay,FHBankNumber,integer,NO,
FH,FHBankPositivePay,FHBankAccountNumber,integer,NO,
FH,FHBankReconcileStatementDatas,FHBankReconcileStatementDataKey,uuid,NO,
FH,FHBankReconcileStatementDatas,FHBankAccountSetupDataKey,uuid,NO,
FH,FHBankReconcileStatementDatas,BankNumber,text,YES,
FH,FHBankReconcileStatementDatas,Month,integer,NO,
FH,FHBankReconcileStatementDatas,Year,integer,NO,
FH,FHBankReconcileStatementDatas,StatementDate,timestamp without time zone,YES,
FH,FHBankReconcileStatementDatas,LastStatementBalance,numeric,NO,
FH,FHBankReconcileStatementDatas,TotalDepositAmount,numeric,NO,
FH,FHBankReconcileStatementDatas,TotalCheckAmount,numeric,NO,
FH,FHBankReconcileStatementDatas,ReconciledDepositAmount,numeric,YES,
FH,FHBankReconcileStatementDatas,ReconciledCheckAmount,numeric,YES,
FH,FHBankReconcileStatementDatas,ReconcilationStatus,integer,NO,
FH,FHBankReconcileTransactionMappingDatas,FHBankReconcileTransactionMappingDataKey,uuid,NO,
FH,FHBankReconcileTransactionMappingDatas,FHBankReconcileStatementDataKey,uuid,NO,
FH,FHBankReconcileTransactionMappingDatas,FHBankTransactionDataKey,uuid,NO,
FH,FHBankTransactionDatas,BankFromKey,uuid,YES,
FH,FHBankTransactionDatas,BankToKey,uuid,YES,
FH,FHBankTransactionDatas,FHBankTransactionDataKey,uuid,NO,
FH,FHBankTransactionDatas,HubType,integer,NO,
FH,FHBankTransactionDatas,EventId,uuid,YES,
FH,FHBankTransactionDatas,EventType,integer,YES,
FH,FHBankTransactionDatas,EventDate,timestamp without time zone,NO,
FH,FHBankTransactionDatas,PaymentModeKey,uuid,YES,
FH,FHBankTransactionDatas,TransactionTypeKey,integer,YES,
FH,FHBankTransactionDatas,Amount,numeric,NO,
FH,FHBankTransactionDatas,TypeCode,text,YES,
FH,FHBankTransactionDatas,CheckNumber,text,YES,
FH,FHBankTransactionDatas,FHFundAccountBreakDataKey,uuid,YES,
FH,FHBankTransactionDatas,FundCode,text,YES,
FH,FHBankTransactionDatas,OtherNumber,text,YES,
FH,FHBankTransactionDatas,VendorNumber,text,YES,
FH,FHBankTransactionDatas,VenderName,text,YES,
FH,FHBankTransactionDatas,EmployeeNumber,text,YES,
FH,FHBankTransactionDatas,EmployeeName,text,YES,
FH,FHBankTransactionDatas,Desc1,text,YES,
FH,FHBankTransactionDatas,Desc2,text,YES,
FH,FHBankTransactionDatas,Created,timestamp without time zone,YES,
FH,FHBankTransactionDatas,CreatedBy,text,YES,
FH,FHBankTransactionDatas,LastModified,timestamp without time zone,YES,
FH,FHBankTransactionDatas,LastModifiedBy,text,YES,
FH,FHBankTransactionDatas,IsInActive,boolean,NO,
FH,FHBankTransactionDatas,OriginType,integer,YES,
FH,FHBankTransactionDatas,Reason,text,YES,
FH,FHBankTransactionDatas,ReconcilationStatus,integer,YES,
FH,FHBankTransactionDatas,Reference,text,YES,
FH,FHBankTransactionDatas,StatementDate,timestamp without time zone,YES,
FH,FHBankTransactionDatas,TransactionDate,timestamp without time zone,NO,'-infinity'::timestamp without time zone
FH,FHBankTransactionDatas,TransactionNumber,bigint,NO,0
FH,FHBankTransactionDatas,TransactionStatus,integer,YES,
FH,FHBankTransactionDatas,TransactionType,integer,YES,
FH,FHBankTransactionDatas,FHBankTransactionTypeDataKey,uuid,YES,
FH,FHBankTransactionDatas,JournalNumber,integer,YES,
FH,FHBankTransactionDatas,Source,integer,YES,
FH,FHBankTransactionDatas,TransactionPostStatus,integer,YES,
FH,FHBankTransactionDatas,FHGLJournalDataKey,uuid,YES,
FH,FHBankTransactionDatas,FHGLBankTransferDataKey,uuid,YES,
FH,FHBankTransactionDatas,VoidDate,timestamp without time zone,YES,
FH,FHBankTransactionDatas,FiscalPeriod,integer,YES,
FH,FHBankTransactionDatas,VoidFiscalPeriod,integer,YES,
FH,FHBankTransactionDatas,HistoryType,text,YES,
FH,FHBankTransactionFundDatas,FHBankTransactionFundDataKey,uuid,NO,
FH,FHBankTransactionFundDatas,FHBankTransactionDataKey,uuid,YES,
FH,FHBankTransactionFundDatas,FHFundAccountBreakDataKey,uuid,YES,
FH,FHBankTransactionFundDatas,FundCode,text,YES,
FH,FHBankTransactionFundDatas,Amount,numeric,NO,
FH,FHBankTransactionFundDatas,Created,timestamp without time zone,YES,
FH,FHBankTransactionFundDatas,CreatedBy,text,YES,
FH,FHBankTransactionFundDatas,LastModified,timestamp without time zone,YES,
FH,FHBankTransactionFundDatas,LastModifiedBy,text,YES,
FH,FHBankTransactionFundDatas,IsInActive,boolean,NO,
FH,FHBankTransactionTypeDatas,FHBankTransactionTypeDataKey,uuid,NO,
FH,FHBankTransactionTypeDatas,Name,text,NO,
FH,FHBankTransactionTypeDatas,Category,integer,NO,
FH,FHBankTransactionTypeDatas,Created,timestamp without time zone,YES,
FH,FHBankTransactionTypeDatas,CreatedBy,text,YES,
FH,FHBankTransactionTypeDatas,LastModified,timestamp without time zone,YES,
FH,FHBankTransactionTypeDatas,LastModifiedBy,text,YES,
FH,FHBankTransactionTypeDatas,IsInActive,boolean,NO,
FH,FHBankTransactionTypeDatas,TransactionType,integer,NO,0
FH,FHBookDatas,FHBookDataKey,uuid,NO,
FH,FHBookDatas,RecordType,integer,NO,
FH,FHBookDatas,BookName,text,YES,
FH,FHBookDatas,Created,timestamp without time zone,YES,
FH,FHBookDatas,CreatedBy,text,YES,
FH,FHBookDatas,LastModified,timestamp without time zone,YES,
FH,FHBookDatas,LastModifiedBy,text,YES,
FH,FHBookDatas,IsInActive,boolean,NO,
FH,FHCashBalanceByBankAccountDatas,FHCashBalanceByBankAccountDataKey,uuid,NO,
FH,FHCashBalanceByBankAccountDatas,BankNumber,text,NO,
FH,FHCashBalanceByBankAccountDatas,FHGLAccountDataKey,uuid,YES,
FH,FHCashBalanceByBankAccountDatas,GLAccountNumber,text,NO,
FH,FHCashBalanceByBankAccountDatas,Month,integer,NO,
FH,FHCashBalanceByBankAccountDatas,Year,integer,NO,
FH,FHCashBalanceByBankAccountDatas,BeginningBalance,numeric,NO,
FH,FHCashBalanceByBankAccountDatas,EndingBalance,numeric,NO,
FH,FHCashBalanceByBankAccountDatas,TotalCredit,numeric,NO,
FH,FHCashBalanceByBankAccountDatas,TotalDebit,numeric,NO,
FH,FHCashBalanceByBankAccountDatas,Created,timestamp without time zone,YES,
FH,FHCashBalanceByBankAccountDatas,CreatedBy,text,YES,
FH,FHCashBalanceByBankAccountDatas,LastModified,timestamp without time zone,YES,
FH,FHCashBalanceByBankAccountDatas,LastModifiedBy,text,YES,
FH,FHCashBalanceByBankAccountDatas,IsInActive,boolean,NO,
FH,FHCashLineSetupDatas,FHCashLineSetupDataKey,uuid,NO,
FH,FHCashLineSetupDatas,BankNumber,text,NO,
FH,FHCashLineSetupDatas,FHGLAccountDataKey,uuid,YES,
FH,FHCashLineSetupDatas,GLAccountNumber,text,NO,
FH,FHCashLineSetupDatas,Created,timestamp without time zone,YES,
FH,FHCashLineSetupDatas,CreatedBy,text,YES,
FH,FHCashLineSetupDatas,LastModified,timestamp without time zone,YES,
FH,FHCashLineSetupDatas,LastModifiedBy,text,YES,
FH,FHCashLineSetupDatas,IsInActive,boolean,NO,
FH,FHCashReportGeneratedBankDatas,FHCashReportGeneratedBankDataKey,uuid,NO,
FH,FHCashReportGeneratedBankDatas,FHBankAccountSetupDataKey,uuid,NO,
FH,FHCashReportGeneratedBankDatas,FHCashReportGeneratedLogKey,uuid,YES,
FH,FHCashReportGeneratedBankDatas,BankNumber,text,YES,
FH,FHCashReportGeneratedBankDatas,BankName,text,YES,
FH,FHCashReportGeneratedBankDatas,BankBalance,numeric,NO,
FH,FHCashReportGeneratedBankDatas,Created,timestamp without time zone,YES,
FH,FHCashReportGeneratedBankDatas,CreatedBy,text,YES,
FH,FHCashReportGeneratedBankDatas,LastModified,timestamp without time zone,YES,
FH,FHCashReportGeneratedBankDatas,LastModifiedBy,text,YES,
FH,FHCashReportGeneratedBankDatas,IsInActive,boolean,NO,
FH,FHCashReportGeneratedBankOutstandingDatas,FHCashReportGeneratedBankOutstandingDataKey,uuid,NO,
FH,FHCashReportGeneratedBankOutstandingDatas,FHBankAccountSetupDataKey,uuid,NO,
FH,FHCashReportGeneratedBankOutstandingDatas,FHCashReportGeneratedLogKey,uuid,YES,
FH,FHCashReportGeneratedBankOutstandingDatas,OutstandingType,integer,YES,
FH,FHCashReportGeneratedBankOutstandingDatas,Amount,numeric,YES,
FH,FHCashReportGeneratedBankOutstandingDatas,Created,timestamp without time zone,YES,
FH,FHCashReportGeneratedBankOutstandingDatas,CreatedBy,text,YES,
FH,FHCashReportGeneratedBankOutstandingDatas,LastModified,timestamp without time zone,YES,
FH,FHCashReportGeneratedBankOutstandingDatas,LastModifiedBy,text,YES,
FH,FHCashReportGeneratedBankOutstandingDatas,IsInActive,boolean,NO,
FH,FHCashReportGeneratedGLAccountDatas,FHCashReportGeneratedGLAccountDataKey,uuid,NO,
FH,FHCashReportGeneratedGLAccountDatas,FundCode,text,YES,
FH,FHCashReportGeneratedGLAccountDatas,AccountName,text,YES,
FH,FHCashReportGeneratedGLAccountDatas,CashBalance,numeric,NO,
FH,FHCashReportGeneratedGLAccountDatas,OutStandingTxn,numeric,NO,
FH,FHCashReportGeneratedGLAccountDatas,FHCashReportGeneratedLogKey,uuid,YES,
FH,FHCashReportGeneratedGLAccountDatas,Created,timestamp without time zone,YES,
FH,FHCashReportGeneratedGLAccountDatas,CreatedBy,text,YES,
FH,FHCashReportGeneratedGLAccountDatas,LastModified,timestamp without time zone,YES,
FH,FHCashReportGeneratedGLAccountDatas,LastModifiedBy,text,YES,
FH,FHCashReportGeneratedGLAccountDatas,IsInActive,boolean,NO,
FH,FHCashReportGeneratedGLAccountDatas,FHGLAccountDataKey,uuid,YES,
FH,FHCashReportGeneratedGLAccountDatas,GLAccountnumber,text,YES,
FH,FHCashReportGeneratedGLAccountDatas,Disbursement,numeric,YES,
FH,FHCashReportGeneratedGLAccountDatas,PrevCashBalance,numeric,YES,
FH,FHCashReportGeneratedGLAccountDatas,Receipt,numeric,YES,
FH,FHCashReportGeneratedLogs,FHCashReportGeneratedLogKey,uuid,NO,
FH,FHCashReportGeneratedLogs,FHBankAccountSetupDataKey,uuid,NO,
FH,FHCashReportGeneratedLogs,BankNumber,text,YES,
FH,FHCashReportGeneratedLogs,Month,text,YES,
FH,FHCashReportGeneratedLogs,BalanceStatus,text,YES,
FH,FHCashReportGeneratedLogs,FiscalPeriod,text,YES,
FH,FHCashReportGeneratedLogs,CalendarPeriod,text,YES,
FH,FHCashReportGeneratedLogs,CashBalanceTotal,numeric,NO,
FH,FHCashReportGeneratedLogs,OutStandingTxnTotal,numeric,NO,
FH,FHCashReportGeneratedLogs,BankBalanceTotal,numeric,NO,
FH,FHCashReportGeneratedLogs,GeneratedDateTime,timestamp without time zone,NO,
FH,FHCashReportGeneratedLogs,Created,timestamp without time zone,YES,
FH,FHCashReportGeneratedLogs,CreatedBy,text,YES,
FH,FHCashReportGeneratedLogs,LastModified,timestamp without time zone,YES,
FH,FHCashReportGeneratedLogs,LastModifiedBy,text,YES,
FH,FHCashReportGeneratedLogs,IsInActive,boolean,NO,
FH,FHCreditCardDepositGLDistributionDatas,FHCashGLAccountDataKey,uuid,YES,
FH,FHCreditCardDepositGLDistributionDatas,FHExpenseGLAccountDataKey,uuid,YES,
FH,FHCreditCardDepositGLDistributionDatas,FHCreditCardDepositGLDistributionDataKey,uuid,NO,
FH,FHCreditCardDepositGLDistributionDatas,DistributionId,text,NO,
FH,FHCreditCardDepositGLDistributionDatas,FHCashGLAccountDataFHGLAccountDataKey,uuid,YES,
FH,FHCreditCardDepositGLDistributionDatas,CashGLAccountnumber,text,NO,
FH,FHCreditCardDepositGLDistributionDatas,FHExpenseGLAccountDataFHGLAccountDataKey,uuid,YES,
FH,FHCreditCardDepositGLDistributionDatas,ExpenseGLAccountnumber,text,NO,
FH,FHCreditCardDepositGLDistributionDatas,IsDefault,boolean,NO,
FH,FHCreditCardDepositGLDistributionDatas,Created,timestamp without time zone,YES,
FH,FHCreditCardDepositGLDistributionDatas,CreatedBy,text,YES,
FH,FHCreditCardDepositGLDistributionDatas,LastModified,timestamp without time zone,YES,
FH,FHCreditCardDepositGLDistributionDatas,LastModifiedBy,text,YES,
FH,FHCreditCardDepositGLDistributionDatas,IsInActive,boolean,NO,
FH,FHDepartmentAccountBreakDatas,FHDepartmentAccountBreakDataKey,uuid,NO,
FH,FHDepartmentAccountBreakDatas,DepartmentCode,text,YES,
FH,FHDepartmentAccountBreakDatas,DepartmentName,text,YES,
FH,FHDepartmentAccountBreakDatas,FHAccountBreakConfigurationKey,uuid,YES,
FH,FHDepartmentAccountBreakDatas,Created,timestamp without time zone,YES,
FH,FHDepartmentAccountBreakDatas,CreatedBy,text,YES,
FH,FHDepartmentAccountBreakDatas,LastModified,timestamp without time zone,YES,
FH,FHDepartmentAccountBreakDatas,LastModifiedBy,text,YES,
FH,FHDepartmentAccountBreakDatas,IsInActive,boolean,NO,
FH,FHDepartmentAccountBreakDatas,FHAccountLineType,integer,YES,
FH,FHDistributionIdSetupDatas,FHDistributionIdSetupDataKey,uuid,NO,
FH,FHDistributionIdSetupDatas,DistributionId,text,YES,
FH,FHDistributionIdSetupDatas,GLCashAccount,text,YES,
FH,FHDistributionIdSetupDatas,GLAPAccount,text,YES,
FH,FHDistributionIdSetupDatas,FHBankAccountSetupDataKey,uuid,YES,
FH,FHDistributionIdSetupDatas,Created,timestamp without time zone,YES,
FH,FHDistributionIdSetupDatas,CreatedBy,text,YES,
FH,FHDistributionIdSetupDatas,LastModified,timestamp without time zone,YES,
FH,FHDistributionIdSetupDatas,LastModifiedBy,text,YES,
FH,FHDistributionIdSetupDatas,IsInActive,boolean,NO,
FH,FHExportCsvDatas,FHExportCsvDataKey,uuid,NO,
FH,FHExportCsvDatas,HubType,integer,NO,
FH,FHExportCsvDatas,FileName,text,YES,
FH,FHExportCsvDatas,ExportedDate,timestamp without time zone,YES,
FH,FHExportCsvDatas,IsExported,boolean,NO,
FH,FHExportCsvDatas,GeneratedDate,timestamp without time zone,YES,
FH,FHExportCsvDatas,Created,timestamp without time zone,YES,
FH,FHExportCsvDatas,CreatedBy,text,YES,
FH,FHExportCsvDatas,LastModified,timestamp without time zone,YES,
FH,FHExportCsvDatas,LastModifiedBy,text,YES,
FH,FHExportCsvDatas,IsInActive,boolean,NO,
FH,FHExportCsvDatas,VendorFrequencyTypeId,integer,YES,
FH,FHExportCsvLogDatas,FHExportCsvLogDataKey,uuid,NO,
FH,FHExportCsvLogDatas,FHExportCsvStatus,integer,NO,
FH,FHExportCsvLogDatas,Message,text,YES,
FH,FHExportCsvLogDatas,FHExportCsvDataKey,uuid,YES,
FH,FHExportCsvLogDatas,Created,timestamp without time zone,YES,
FH,FHExportCsvLogDatas,CreatedBy,text,YES,
FH,FHExportCsvLogDatas,LastModified,timestamp without time zone,YES,
FH,FHExportCsvLogDatas,LastModifiedBy,text,YES,
FH,FHExportCsvLogDatas,IsInActive,boolean,NO,
FH,FHFinalizeBudgetHistoryDatas,FHFinalizeBudgetHistoryDataKey,uuid,NO,
FH,FHFinalizeBudgetHistoryDatas,Status,integer,YES,
FH,FHFinalizeBudgetHistoryDatas,Created,timestamp without time zone,YES,
FH,FHFinalizeBudgetHistoryDatas,CreatedBy,text,YES,
FH,FHFinalizeBudgetHistoryDatas,LastModified,timestamp without time zone,YES,
FH,FHFinalizeBudgetHistoryDatas,LastModifiedBy,text,YES,
FH,FHFinalizeBudgetHistoryDatas,IsInActive,boolean,NO,
FH,FHFinalizeBudgetStatusDatas,FHFinalizeBudgetStatusDataKey,uuid,NO,
FH,FHFinalizeBudgetStatusDatas,Status,integer,YES,
FH,FHFinalizeBudgetStatusDatas,Month,integer,NO,
FH,FHFinalizeBudgetStatusDatas,Year,integer,NO,
FH,FHFinalizeBudgetStatusDatas,Created,timestamp without time zone,YES,
FH,FHFinalizeBudgetStatusDatas,CreatedBy,text,YES,
FH,FHFinalizeBudgetStatusDatas,LastModified,timestamp without time zone,YES,
FH,FHFinalizeBudgetStatusDatas,LastModifiedBy,text,YES,
FH,FHFinalizeBudgetStatusDatas,IsInActive,boolean,NO,
FH,FHFontFamilyDatas,FHFontFamilyDataKey,uuid,NO,
FH,FHFontFamilyDatas,FontFamilyName,text,NO,
FH,FHFontFamilyDatas,Created,timestamp without time zone,YES,
FH,FHFontFamilyDatas,CreatedBy,text,YES,
FH,FHFontFamilyDatas,LastModified,timestamp without time zone,YES,
FH,FHFontFamilyDatas,LastModifiedBy,text,YES,
FH,FHFontFamilyDatas,IsInActive,boolean,NO,
FH,FHFontSizes,Code,integer,NO,
FH,FHFontSizes,Created,timestamp without time zone,YES,
FH,FHFontSizes,CreatedBy,text,YES,
FH,FHFontSizes,LastModified,timestamp without time zone,YES,
FH,FHFontSizes,LastModifiedBy,text,YES,
FH,FHFontSizes,IsInActive,boolean,NO,
FH,FHFontSizes,Name,text,YES,
FH,FHFontSizes,Description,text,YES,
FH,FHFonts,Code,integer,NO,
FH,FHFonts,Created,timestamp without time zone,YES,
FH,FHFonts,CreatedBy,text,YES,
FH,FHFonts,LastModified,timestamp without time zone,YES,
FH,FHFonts,LastModifiedBy,text,YES,
FH,FHFonts,IsInActive,boolean,NO,
FH,FHFonts,Name,text,YES,
FH,FHFonts,Description,text,YES,
FH,FHFrontDeskPayrixFundingDatas,FHFrontDeskPayrixFundingDataKey,uuid,NO,
FH,FHFrontDeskPayrixFundingDatas,FundingId,text,NO,
FH,FHFrontDeskPayrixFundingDatas,Organization,text,YES,
FH,FHFrontDeskPayrixFundingDatas,Frontdesk,boolean,YES,
FH,FHFrontDeskPayrixFundingDatas,DepositDate,timestamp without time zone,YES,
FH,FHFrontDeskPayrixFundingDatas,DepositAmount,numeric,YES,
FH,FHFrontDeskPayrixFundingDatas,AbsorbedFeesFromPayrix,numeric,YES,
FH,FHFrontDeskPayrixFundingDatas,AbsorbedFees,numeric,YES,
FH,FHFrontDeskPayrixFundingDatas,OtherDeductions,numeric,YES,
FH,FHFrontDeskPayrixFundingDatas,Returns,numeric,YES,
FH,FHFrontDeskPayrixFundingDatas,ProcessedStatus,integer,YES,
FH,FHFrontDeskPayrixFundingDatas,ProcessedDate,timestamp without time zone,YES,
FH,FHFrontDeskPayrixFundingDatas,Created,timestamp without time zone,YES,
FH,FHFrontDeskPayrixFundingDatas,CreatedBy,text,YES,
FH,FHFrontDeskPayrixFundingDatas,LastModified,timestamp without time zone,YES,
FH,FHFrontDeskPayrixFundingDatas,LastModifiedBy,text,YES,
FH,FHFrontDeskPayrixFundingDatas,IsInActive,boolean,NO,
FH,FHFrontDeskPayrixFundingDatas,PaymentType,integer,YES,
FH,FHFrontDeskPayrixFundingDatas,FHBankTransactionDataKey,uuid,YES,
FH,FHFrontDeskPayrixFundingTransactionDatas,FHFrontDeskPayrixFundingTransactionDataKey,uuid,NO,
FH,FHFrontDeskPayrixFundingTransactionDatas,TransactionId,text,NO,
FH,FHFrontDeskPayrixFundingTransactionDatas,TransactionDate,timestamp without time zone,YES,
FH,FHFrontDeskPayrixFundingTransactionDatas,TransactionAmount,numeric,YES,
FH,FHFrontDeskPayrixFundingTransactionDatas,AutoPlay,boolean,YES,
FH,FHFrontDeskPayrixFundingTransactionDatas,FHFrontDeskPayrixFundingDataKey,uuid,YES,
FH,FHFrontDeskPayrixFundingTransactionDatas,FHBankTransactionDataKey,uuid,YES,
FH,FHFrontDeskPayrixFundingTransactionDatas,Created,timestamp without time zone,YES,
FH,FHFrontDeskPayrixFundingTransactionDatas,CreatedBy,text,YES,
FH,FHFrontDeskPayrixFundingTransactionDatas,LastModified,timestamp without time zone,YES,
FH,FHFrontDeskPayrixFundingTransactionDatas,LastModifiedBy,text,YES,
FH,FHFrontDeskPayrixFundingTransactionDatas,IsInActive,boolean,NO,
FH,FHFrontDeskPayrixFundingTransactionDatas,PaymentType,text,YES,
FH,FHFundAccountBreakDatas,FHFundAccountBreakDataKey,uuid,NO,
FH,FHFundAccountBreakDatas,FundCode,text,YES,
FH,FHFundAccountBreakDatas,Created,timestamp without time zone,YES,
FH,FHFundAccountBreakDatas,CreatedBy,text,YES,
FH,FHFundAccountBreakDatas,LastModified,timestamp without time zone,YES,
FH,FHFundAccountBreakDatas,LastModifiedBy,text,YES,
FH,FHFundAccountBreakDatas,IsInActive,boolean,NO,
FH,FHFundAccountBreakDatas,FundName,text,YES,
FH,FHFundAccountBreakDatas,FHAccountBreakConfigurationKey,uuid,YES,
FH,FHFundAccountBreakDatas,DefaultBankNumber,text,YES,
FH,FHFundAccountBreakDatas,DefaultDepartmentCode,text,YES,
FH,FHFundAccountBreakDatas,IsFundAddedFromFundManagementWorkFlow,boolean,YES,
FH,FHFundAccountBreakDatas,IsFundManagementWorkFlowCompleted,boolean,YES,
FH,FHFundAccountBreakDatas,IsToCreatePayrollAccounts,boolean,YES,
FH,FHFundDepartmentRangeMappings,FHFundDepartmentRangeMappingKey,uuid,NO,
FH,FHFundDepartmentRangeMappings,FundStartRange,text,YES,
FH,FHFundDepartmentRangeMappings,FundEndRange,text,YES,
FH,FHFundDepartmentRangeMappings,DepartmentStartRange,text,YES,
FH,FHFundDepartmentRangeMappings,DepartmentEndRange,text,YES,
FH,FHFundDepartmentRangeMappings,Created,timestamp without time zone,YES,
FH,FHFundDepartmentRangeMappings,CreatedBy,text,YES,
FH,FHFundDepartmentRangeMappings,LastModified,timestamp without time zone,YES,
FH,FHFundDepartmentRangeMappings,LastModifiedBy,text,YES,
FH,FHFundDepartmentRangeMappings,IsInActive,boolean,NO,
FH,FHGLAccountDatas,FHGLAccountDataKey,uuid,NO,
FH,FHGLAccountDatas,GLAccountNumber,text,YES,
FH,FHGLAccountDatas,GLAccountName,text,YES,
FH,FHGLAccountDatas,FundCode,text,YES,
FH,FHGLAccountDatas,DepartmentCode,text,YES,
FH,FHGLAccountDatas,ActivityCode,text,YES,
FH,FHGLAccountDatas,AccountLineCode,text,YES,
FH,FHGLAccountDatas,ProjectCode,text,YES,
FH,FHGLAccountDatas,FHAccountLineType,integer,NO,
FH,FHGLAccountDatas,CombinedDataForSearch,text,YES,
FH,FHGLAccountDatas,FHFundAccountBreakDataKey,uuid,YES,
FH,FHGLAccountDatas,FHDepartmentAccountBreakDataKey,uuid,YES,
FH,FHGLAccountDatas,FHActivityAccountBreakDataKey,uuid,YES,
FH,FHGLAccountDatas,FHAccountLineBreakDataKey,uuid,YES,
FH,FHGLAccountDatas,FHProjectDataKey,uuid,YES,
FH,FHGLAccountDatas,Created,timestamp without time zone,YES,
FH,FHGLAccountDatas,CreatedBy,text,YES,
FH,FHGLAccountDatas,LastModified,timestamp without time zone,YES,
FH,FHGLAccountDatas,LastModifiedBy,text,YES,
FH,FHGLAccountDatas,IsInActive,boolean,NO,
FH,FHGLAccountDatas,FHBankAccountSetupDataKey,uuid,YES,
FH,FHGLAccountDatas,FHDistributionIdSetupDataKey,uuid,YES,
FH,FHGLAccountDatas,IsDraft,boolean,NO,
FH,FHGLAccountDatas,FHBalanceType,integer,YES,
FH,FHGLAccountDatas,FHStatementType,integer,YES,
FH,FHGLBankCashLineDatas,FHGLBankCashLineDataKey,uuid,NO,
FH,FHGLBankCashLineDatas,FHGLBankTransferDataKey,uuid,NO,
FH,FHGLBankCashLineDatas,FHGLAccountDataKey,uuid,NO,
FH,FHGLBankCashLineDatas,BalanceType,integer,NO,
FH,FHGLBankCashLineDatas,Amount,numeric,NO,
FH,FHGLBankCashLineDatas,Created,timestamp without time zone,YES,
FH,FHGLBankCashLineDatas,CreatedBy,text,YES,
FH,FHGLBankCashLineDatas,LastModified,timestamp without time zone,YES,
FH,FHGLBankCashLineDatas,LastModifiedBy,text,YES,
FH,FHGLBankCashLineDatas,IsInActive,boolean,NO,
FH,FHGLBankTransferDatas,BankFromKey,uuid,NO,
FH,FHGLBankTransferDatas,BankToKey,uuid,NO,
FH,FHGLBankTransferDatas,FHGLBankTransferDataKey,uuid,NO,
FH,FHGLBankTransferDatas,Amount,numeric,NO,
FH,FHGLBankTransferDatas,TransferDate,timestamp without time zone,YES,
FH,FHGLBankTransferDatas,TrasnferNumber,integer,NO,
FH,FHGLBankTransferDatas,Created,timestamp without time zone,YES,
FH,FHGLBankTransferDatas,CreatedBy,text,YES,
FH,FHGLBankTransferDatas,LastModified,timestamp without time zone,YES,
FH,FHGLBankTransferDatas,LastModifiedBy,text,YES,
FH,FHGLBankTransferDatas,IsInActive,boolean,NO,
FH,FHGLBudgetAmendLogs,FFHGLBudgetAmendLogKey,uuid,NO,
FH,FHGLBudgetAmendLogs,GLAccountnumber,text,YES,
FH,FHGLBudgetAmendLogs,FHGLAccountDataKey,uuid,YES,
FH,FHGLBudgetAmendLogs,AmendedDate,timestamp without time zone,YES,
FH,FHGLBudgetAmendLogs,OrginalAmount,numeric,YES,
FH,FHGLBudgetAmendLogs,AmendedAmount,numeric,YES,
FH,FHGLBudgetAmendLogs,YtdExpense,numeric,YES,
FH,FHGLBudgetAmendLogs,YtdExpensePercentage,integer,YES,
FH,FHGLBudgetAmendLogs,EstimatedYearEndExpense,numeric,YES,
FH,FHGLBudgetAmendLogs,FiscalYtdPercentage,integer,YES,
FH,FHGLBudgetAmendLogs,Month,integer,YES,
FH,FHGLBudgetAmendLogs,Year,integer,YES,
FH,FHGLBudgetAmendLogs,FHGLBudgetDataKey,uuid,YES,
FH,FHGLBudgetAmendLogs,Created,timestamp without time zone,YES,
FH,FHGLBudgetAmendLogs,CreatedBy,text,YES,
FH,FHGLBudgetAmendLogs,LastModified,timestamp without time zone,YES,
FH,FHGLBudgetAmendLogs,LastModifiedBy,text,YES,
FH,FHGLBudgetAmendLogs,IsInActive,boolean,NO,
FH,FHGLBudgetDatas,FHGLBudgetDataKey,uuid,NO,
FH,FHGLBudgetDatas,GLAccountnumber,text,YES,
FH,FHGLBudgetDatas,FHGLAccountDataKey,uuid,YES,
FH,FHGLBudgetDatas,Month,integer,YES,
FH,FHGLBudgetDatas,Year,integer,YES,
FH,FHGLBudgetDatas,Amount,numeric,YES,
FH,FHGLBudgetDatas,Created,timestamp without time zone,YES,
FH,FHGLBudgetDatas,CreatedBy,text,YES,
FH,FHGLBudgetDatas,LastModified,timestamp without time zone,YES,
FH,FHGLBudgetDatas,LastModifiedBy,text,YES,
FH,FHGLBudgetDatas,IsInActive,boolean,NO,
FH,FHGLBudgetDatas,AmendAmount,numeric,YES,
FH,FHGLBudgetDatas,BudgetStatus,integer,NO,0
FH,FHGLBudgetDatas,OrginalAmount,numeric,YES,
FH,FHGLEntryDatas,FHGLEntryDataKey,uuid,NO,
FH,FHGLEntryDatas,HubType,integer,NO,
FH,FHGLEntryDatas,GLAccountnumber,text,NO,
FH,FHGLEntryDatas,FHGLAccountDataKey,uuid,NO,
FH,FHGLEntryDatas,TransactionType,integer,NO,
FH,FHGLEntryDatas,TransactionKey,uuid,NO,
FH,FHGLEntryDatas,Reference,text,YES,
FH,FHGLEntryDatas,RecordType,integer,NO,
FH,FHGLEntryDatas,Credit,numeric,NO,
FH,FHGLEntryDatas,Debit,numeric,NO,
FH,FHGLEntryDatas,Amount,numeric,NO,
FH,FHGLEntryDatas,TransactionDate,timestamp without time zone,NO,
FH,FHGLEntryDatas,PostingDate,timestamp without time zone,YES,
FH,FHGLEntryDatas,FHBookDataKey,uuid,NO,
FH,FHGLEntryDatas,EventType,integer,YES,
FH,FHGLEntryDatas,OtherReference,text,YES,
FH,FHGLEntryDatas,OtherNumber,text,YES,
FH,FHGLEntryDatas,JournalKey,integer,NO,
FH,FHGLEntryDatas,DocumentNumber,text,YES,
FH,FHGLEntryDatas,Created,timestamp without time zone,YES,
FH,FHGLEntryDatas,CreatedBy,text,YES,
FH,FHGLEntryDatas,LastModified,timestamp without time zone,YES,
FH,FHGLEntryDatas,LastModifiedBy,text,YES,
FH,FHGLEntryDatas,IsInActive,boolean,NO,
FH,FHGLEntryDatas,FHGLJournalDataKey,uuid,YES,
FH,FHGLEntryDatas,SequenceNumber,integer,YES,
FH,FHGLEntryDatas,FHBankTransactionDataKey,uuid,YES,
FH,FHGLEntryDatas,FHGLBankTransferDataKey,uuid,YES,
FH,FHGLEntryDatas,FHAPInvoiceDataKey,uuid,YES,
FH,FHGLEntryDatas,EntryType,integer,YES,
FH,FHGLEntryRecurringDatas,FHGLEntryRecurringDataKey,uuid,NO,
FH,FHGLEntryRecurringDatas,HubType,integer,NO,
FH,FHGLEntryRecurringDatas,GLAccountnumber,text,NO,
FH,FHGLEntryRecurringDatas,FHGLAccountDataKey,uuid,NO,
FH,FHGLEntryRecurringDatas,TransactionType,integer,NO,
FH,FHGLEntryRecurringDatas,TransactionKey,uuid,NO,
FH,FHGLEntryRecurringDatas,Reference,character varying,YES,
FH,FHGLEntryRecurringDatas,RecordType,integer,NO,
FH,FHGLEntryRecurringDatas,Credit,numeric,NO,
FH,FHGLEntryRecurringDatas,Debit,numeric,NO,
FH,FHGLEntryRecurringDatas,Amount,numeric,NO,
FH,FHGLEntryRecurringDatas,TransactionDate,timestamp without time zone,NO,
FH,FHGLEntryRecurringDatas,PostingDate,timestamp without time zone,YES,
FH,FHGLEntryRecurringDatas,FHBookDataKey,uuid,NO,
FH,FHGLEntryRecurringDatas,EventType,integer,YES,
FH,FHGLEntryRecurringDatas,OtherReference,text,YES,
FH,FHGLEntryRecurringDatas,OtherNumber,text,YES,
FH,FHGLEntryRecurringDatas,JournalKey,integer,NO,
FH,FHGLEntryRecurringDatas,DocumentNumber,text,YES,
FH,FHGLEntryRecurringDatas,FHGLJournalRecurringDataKey,uuid,NO,
FH,FHGLEntryRecurringDatas,SequenceNumber,integer,YES,
FH,FHGLEntryRecurringDatas,Created,timestamp without time zone,YES,
FH,FHGLEntryRecurringDatas,CreatedBy,text,YES,
FH,FHGLEntryRecurringDatas,LastModified,timestamp without time zone,YES,
FH,FHGLEntryRecurringDatas,LastModifiedBy,text,YES,
FH,FHGLEntryRecurringDatas,IsInActive,boolean,NO,
FH,FHGLEntryTemplateDatas,FHGLEntryTemplateDataKey,uuid,NO,
FH,FHGLEntryTemplateDatas,FHGLJournalTemplateDataKey,uuid,YES,
FH,FHGLEntryTemplateDatas,GLAccountnumber,text,YES,
FH,FHGLEntryTemplateDatas,FHGLAccountDataKey,uuid,NO,
FH,FHGLEntryTemplateDatas,Reference,text,YES,
FH,FHGLEntryTemplateDatas,Credit,numeric,NO,
FH,FHGLEntryTemplateDatas,Debit,numeric,NO,
FH,FHGLEntryTemplateDatas,SequenceNumber,integer,YES,
FH,FHGLJournalDatas,FHGLJournalDataKey,uuid,NO,
FH,FHGLJournalDatas,Reference,text,YES,
FH,FHGLJournalDatas,PostingDate,timestamp without time zone,YES,
FH,FHGLJournalDatas,EntryType,integer,NO,
FH,FHGLJournalDatas,AdditionalReference,text,YES,
FH,FHGLJournalDatas,Created,timestamp without time zone,YES,
FH,FHGLJournalDatas,CreatedBy,text,YES,
FH,FHGLJournalDatas,LastModified,timestamp without time zone,YES,
FH,FHGLJournalDatas,LastModifiedBy,text,YES,
FH,FHGLJournalDatas,IsInActive,boolean,NO,
FH,FHGLJournalDatas,JournalKey,integer,NO,0
FH,FHGLJournalDatas,AutoReversalDate,timestamp without time zone,YES,
FH,FHGLJournalDatas,FHGLJournalRecurringScheduleKey,uuid,YES,
FH,FHGLJournalDatas,FHGLJournalReversedFromDataKey,uuid,YES,
FH,FHGLJournalDatas,FHGLJournalReversedToDataKey,uuid,YES,
FH,FHGLJournalDatas,FHGLJournalTemplateKey,uuid,YES,
FH,FHGLJournalDatas,Status,integer,YES,
FH,FHGLJournalRecurringDatas,FHGLJournalRecurringDataKey,uuid,NO,
FH,FHGLJournalRecurringDatas,Reference,text,YES,
FH,FHGLJournalRecurringDatas,PostingDate,timestamp without time zone,YES,
FH,FHGLJournalRecurringDatas,EntryType,integer,NO,
FH,FHGLJournalRecurringDatas,AdditionalReference,text,YES,
FH,FHGLJournalRecurringDatas,FHGLJournalRecurringScheduleKey,uuid,YES,
FH,FHGLJournalRecurringDatas,Created,timestamp without time zone,YES,
FH,FHGLJournalRecurringDatas,CreatedBy,text,YES,
FH,FHGLJournalRecurringDatas,LastModified,timestamp without time zone,YES,
FH,FHGLJournalRecurringDatas,LastModifiedBy,text,YES,
FH,FHGLJournalRecurringDatas,IsInActive,boolean,NO,
FH,FHGLJournalRecurringDatas,JournalKey,integer,NO,0
FH,FHGLJournalRecurringSchedules,FHGLEntryRecurringScheduleKey,uuid,NO,
FH,FHGLJournalRecurringSchedules,StartDate,timestamp without time zone,NO,
FH,FHGLJournalRecurringSchedules,EndDate,timestamp without time zone,YES,
FH,FHGLJournalRecurringSchedules,EndNever,boolean,NO,
FH,FHGLJournalRecurringSchedules,FHRecurringFreequency,integer,NO,
FH,FHGLJournalRecurringSchedules,RepeatCount,smallint,YES,
FH,FHGLJournalRecurringSchedules,FHRecurringFreequencyType,integer,YES,
FH,FHGLJournalRecurringSchedules,IsEmailNotification,boolean,NO,
FH,FHGLJournalRecurringSchedules,Email,text,YES,
FH,FHGLJournalRecurringSchedules,Created,timestamp without time zone,YES,
FH,FHGLJournalRecurringSchedules,CreatedBy,text,YES,
FH,FHGLJournalRecurringSchedules,LastModified,timestamp without time zone,YES,
FH,FHGLJournalRecurringSchedules,LastModifiedBy,text,YES,
FH,FHGLJournalRecurringSchedules,IsInActive,boolean,NO,
FH,FHGLJournalRecurringSchedules,Description,text,NO,''::text
FH,FHGLJournalRecurringSchedules,LastPostedDate,timestamp without time zone,YES,
FH,FHGLJournalRecurringSchedules,NextPostingDate,timestamp without time zone,YES,
FH,FHGLJournalTemplateDatas,FHGLJournalTemplateDataKey,uuid,NO,
FH,FHGLJournalTemplateDatas,FHGLJournalTemplateKey,uuid,YES,
FH,FHGLJournalTemplateDatas,Reference,text,YES,
FH,FHGLJournalTemplateDatas,PostingDate,timestamp without time zone,YES,
FH,FHGLJournalTemplateDatas,JournalEntryType,integer,YES,
FH,FHGLJournalTemplateDatas,OtherReference,text,YES,
FH,FHGLJournalTemplates,FHGLJournalTemplateKey,uuid,NO,
FH,FHGLJournalTemplates,TemplateName,text,NO,
FH,FHGLJournalTemplates,Created,timestamp without time zone,YES,
FH,FHGLJournalTemplates,CreatedBy,text,YES,
FH,FHGLJournalTemplates,LastModified,timestamp without time zone,YES,
FH,FHGLJournalTemplates,LastModifiedBy,text,YES,
FH,FHGLJournalTemplates,IsInActive,boolean,NO,
FH,FHGLParameterSettings,FHGLParameterSettingsKey,uuid,NO,
FH,FHGLParameterSettings,CurrentFiscalYear,integer,NO,
FH,FHGLParameterSettings,FiscalMonth,integer,NO,
FH,FHGLParameterSettings,DisplayCreditBalanceAsNegative,integer,NO,
FH,FHGLParameterSettings,RoundBudgetToNearestAmount,integer,NO,
FH,FHGLParameterSettings,MaximumPriorMonthsToAllowPosting,integer,NO,
FH,FHGLParameterSettings,UseYearEndAdjustmentTools,integer,YES,
FH,FHGLParameterSettings,AllowOverBudget,integer,NO,
FH,FHGLParameterSettings,AllowCrossFundPosting,integer,NO,
FH,FHGLParameterSettings,Created,timestamp without time zone,YES,
FH,FHGLParameterSettings,CreatedBy,text,YES,
FH,FHGLParameterSettings,LastModified,timestamp without time zone,YES,
FH,FHGLParameterSettings,LastModifiedBy,text,YES,
FH,FHGLParameterSettings,IsInActive,boolean,NO,
FH,FHGLParameterSettings,DefaultAccountsPayableLine,text,YES,
FH,FHGLParameterSettings,DefaultAssetDepartment,text,YES,
FH,FHGLParameterSettings,DefaultCashAccountLine,text,YES,
FH,FHGLParameterSettings,DefaultEncumbranceControlLine,text,YES,
FH,FHGLParameterSettings,DefaultEncumbrancePriorYearLine,text,YES,
FH,FHGLParameterSettings,DefaultEncumbranceReserveLine,text,YES,
FH,FHGLParameterSettings,DefaultFederalPayableLine,text,YES,
FH,FHGLParameterSettings,DefaultFundBalanceLine,text,YES,
FH,FHGLParameterSettings,DefaultLiablilityDepartment,text,YES,
FH,FHGLParameterSettings,DefaultProfitHandlerDepartment,text,YES,
FH,FHGLParameterSettings,DefaultProfitHandlerLine,text,YES,
FH,FHGLParameterSettings,DefaultTIFTransferInLine,text,YES,
FH,FHGLParameterSettings,DefaultTIFTransferOutLine,text,YES,
FH,FHGLParameterSettings,DefaultTransferDepartment,text,YES,
FH,FHGLParameterSettings,DefaultTransferInLine,text,YES,
FH,FHGLParameterSettings,DefaultTransferOutLine,text,YES,
FH,FHGLParameterSettings,IsGLSettingsComplete,boolean,NO,
FH,FHGLParameterSettings,PayrollDefaultBenefitFund,text,YES,
FH,FHGLParameterSettings,PayrollDefaultCashLine,text,YES,
FH,FHGLParameterSettings,PayrollDefaultLocalPayableLine,text,YES,
FH,FHGLParameterSettings,PayrollDefaultMedicarePayableLine,text,YES,
FH,FHGLParameterSettings,PayrollDefaultSSMedExpenseLine,text,YES,
FH,FHGLParameterSettings,PayrollDefaultSocialSecurityPayableLine,text,YES,
FH,FHGLParameterSettings,PayrollDefaultStatePayableLine,text,YES,
FH,FHGLParameterSettings,UsePayrollDefaultBenefitFund,integer,NO,
FH,FHGLParameterSettings,UsePayrollDefaultLiablilityDistIds,integer,NO,
FH,FHGLParameterSettings,StateofIowa,text,YES,
FH,FHGLParameterSettings,FiscalYear,integer,NO,0
FH,FHGLParameterSettings,IsToConsiderBeginningYear,boolean,NO,false
FH,FHGLParameterSettingsInformation,FHGLParameterSettingsInformationKey,uuid,NO,
FH,FHGLParameterSettingsInformation,Field,text,YES,
FH,FHGLParameterSettingsInformation,HeaderName,text,YES,
FH,FHGLParameterSettingsInformation,Description,text,YES,
FH,FHGLParameterSettingsInformation,Created,timestamp without time zone,YES,
FH,FHGLParameterSettingsInformation,CreatedBy,text,YES,
FH,FHGLParameterSettingsInformation,LastModified,timestamp without time zone,YES,
FH,FHGLParameterSettingsInformation,LastModifiedBy,text,YES,
FH,FHGLParameterSettingsInformation,IsInActive,boolean,NO,
FH,FHGLRevenueCodeDatas,FHGLRevenueCodeDataKey,uuid,NO,
FH,FHGLRevenueCodeDatas,Code,text,NO,
FH,FHGLRevenueCodeDatas,Description,text,YES,
FH,FHGLRevenueCodeDatas,FHBankAccountSetupDataKey,uuid,YES,
FH,FHGLRevenueCodeDatas,Memo,text,YES,
FH,FHGLRevenueCodeDatas,FHARPaymentTypeKey,uuid,YES,
FH,FHGLRevenueCodeDatas,GLDistributionDescription,text,YES,
FH,FHGLRevenueCodeDatas,Created,timestamp without time zone,YES,
FH,FHGLRevenueCodeDatas,CreatedBy,text,YES,
FH,FHGLRevenueCodeDatas,LastModified,timestamp without time zone,YES,
FH,FHGLRevenueCodeDatas,LastModifiedBy,text,YES,
FH,FHGLRevenueCodeDatas,IsInActive,boolean,NO,
FH,FHGLTransferLineDatas,FHGLTransferLineDataKey,uuid,NO,
FH,FHGLTransferLineDatas,FHGLBankTransferDataKey,uuid,NO,
FH,FHGLTransferLineDatas,FHGLAccountDataKey,uuid,NO,
FH,FHGLTransferLineDatas,AccountLineType,integer,NO,
FH,FHGLTransferLineDatas,FundCode,text,NO,
FH,FHGLTransferLineDatas,Amount,numeric,NO,
FH,FHGLTransferLineDatas,Created,timestamp without time zone,YES,
FH,FHGLTransferLineDatas,CreatedBy,text,YES,
FH,FHGLTransferLineDatas,LastModified,timestamp without time zone,YES,
FH,FHGLTransferLineDatas,LastModifiedBy,text,YES,
FH,FHGLTransferLineDatas,IsInActive,boolean,NO,
FH,FHGeneralLogs,FHGeneralLogKey,uuid,NO,
FH,FHGeneralLogs,EventKey,uuid,YES,
FH,FHGeneralLogs,Event,integer,NO,
FH,FHGeneralLogs,LogType,integer,NO,
FH,FHGeneralLogs,Description,text,YES,
FH,FHGeneralLogs,Status,integer,NO,
FH,FHGeneralLogs,Created,timestamp without time zone,YES,
FH,FHGeneralLogs,CreatedBy,text,YES,
FH,FHGeneralLogs,LastModified,timestamp without time zone,YES,
FH,FHGeneralLogs,LastModifiedBy,text,YES,
FH,FHGeneralLogs,IsInActive,boolean,NO,
FH,FHGlARFrontDeskPaymentDatas,FHGlARFrontDeskPaymentDataKey,uuid,NO,
FH,FHGlARFrontDeskPaymentDatas,TransactionId,text,NO,
FH,FHGlARFrontDeskPaymentDatas,PayeeName,text,YES,
FH,FHGlARFrontDeskPaymentDatas,EPayId,text,YES,
FH,FHGlARFrontDeskPaymentDatas,PaymentDate,timestamp without time zone,YES,
FH,FHGlARFrontDeskPaymentDatas,PaymentTime,text,YES,
FH,FHGlARFrontDeskPaymentDatas,PaymentAmount,numeric,YES,
FH,FHGlARFrontDeskPaymentDatas,Module,text,YES,
FH,FHGlARFrontDeskPaymentDatas,Description,text,YES,
FH,FHGlARFrontDeskPaymentDatas,GLRevenueCode,text,YES,
FH,FHGlARFrontDeskPaymentDatas,PaymentMethod,text,YES,
FH,FHGlARFrontDeskPaymentDatas,VendorAutoPlay,boolean,YES,
FH,FHGlARFrontDeskPaymentDatas,Vendor,text,YES,
FH,FHGlARFrontDeskPaymentDatas,TimeZone,text,YES,
FH,FHGlARFrontDeskPaymentDatas,DataToken,text,YES,
FH,FHGlARFrontDeskPaymentDatas,Created,timestamp without time zone,YES,
FH,FHGlARFrontDeskPaymentDatas,CreatedBy,text,YES,
FH,FHGlARFrontDeskPaymentDatas,LastModified,timestamp without time zone,YES,
FH,FHGlARFrontDeskPaymentDatas,LastModifiedBy,text,YES,
FH,FHGlARFrontDeskPaymentDatas,IsInActive,boolean,NO,
FH,FHIVRPaymentDatas,FHIVRPaymentDataKey,uuid,NO,
FH,FHIVRPaymentDatas,FHIVRPaymentUploadFileDataKey,uuid,YES,
FH,FHIVRPaymentDatas,PaymentEffectiveDate,timestamp without time zone,NO,
FH,FHIVRPaymentDatas,AccountNumber,text,NO,
FH,FHIVRPaymentDatas,Name,text,NO,
FH,FHIVRPaymentDatas,Amount,numeric,NO,
FH,FHIVRPaymentDatas,TraceNo,text,NO,
FH,FHIVRPaymentDatas,PaymentType,text,YES,
FH,FHIVRPaymentDatas,AccountNumber2,text,YES,
FH,FHIVRPaymentDatas,Desc1,text,YES,
FH,FHIVRPaymentDatas,Desc2,text,YES,
FH,FHIVRPaymentDatas,Desc3,text,YES,
FH,FHIVRPaymentDatas,Created,timestamp without time zone,YES,
FH,FHIVRPaymentDatas,CreatedBy,text,YES,
FH,FHIVRPaymentDatas,LastModified,timestamp without time zone,YES,
FH,FHIVRPaymentDatas,LastModifiedBy,text,YES,
FH,FHIVRPaymentDatas,IsInActive,boolean,NO,
FH,FHIVRPaymentUploadFileDatas,FHIVRPaymentUploadFileDataKey,uuid,NO,
FH,FHIVRPaymentUploadFileDatas,FileName,text,NO,
FH,FHIVRPaymentUploadFileDatas,FilePath,text,NO,
FH,FHIVRPaymentUploadFileDatas,Created,timestamp without time zone,YES,
FH,FHIVRPaymentUploadFileDatas,CreatedBy,text,YES,
FH,FHIVRPaymentUploadFileDatas,LastModified,timestamp without time zone,YES,
FH,FHIVRPaymentUploadFileDatas,LastModifiedBy,text,YES,
FH,FHIVRPaymentUploadFileDatas,IsInActive,boolean,NO,
FH,FHPageSizes,Code,integer,NO,
FH,FHPageSizes,Name,character varying,NO,
FH,FHPageSizes,Description,character varying,NO,
FH,FHPageSizes,PageLength,numeric,YES,
FH,FHPageSizes,PageWidth,numeric,YES,
FH,FHPageSizes,Created,timestamp without time zone,YES,
FH,FHPageSizes,CreatedBy,text,YES,
FH,FHPageSizes,LastModified,timestamp without time zone,YES,
FH,FHPageSizes,LastModifiedBy,text,YES,
FH,FHPageSizes,IsInActive,boolean,NO,
FH,FHPayrollCompletionTimeLogs,FHPayrollCompletionTimeLogKey,uuid,NO,
FH,FHPayrollCompletionTimeLogs,PayrollCompletionTime,timestamp without time zone,NO,
FH,FHPayrollCompletionTimeLogs,FrequencyRecurrenceKey,uuid,YES,
FH,FHPayrollCompletionTimeLogs,ExtraPayoutsKey,uuid,YES,
FH,FHPayrollCompletionTimeLogs,VendorFrequencyTypeId,integer,YES,
FH,FHPrintFormatKeywords,FHPrintFormatKeywordKey,uuid,NO,
FH,FHPrintFormatKeywords,DisplayName,text,YES,
FH,FHPrintFormatKeywords,ActualName,text,YES,
FH,FHPrintFormatKeywords,FHPrintFormatCategory,integer,NO,
FH,FHPrintFormatKeywords,Created,timestamp without time zone,YES,
FH,FHPrintFormatKeywords,CreatedBy,text,YES,
FH,FHPrintFormatKeywords,LastModified,timestamp without time zone,YES,
FH,FHPrintFormatKeywords,LastModifiedBy,text,YES,
FH,FHPrintFormatKeywords,IsInActive,boolean,NO,
FH,FHPrintFormatKeywords,FHTaxFormPrintFormattingCategory,integer,YES,
FH,FHPrintFormatKeywords,FHAPVoucherFormat,integer,YES,
FH,FHPrintOrientations,Code,integer,NO,
FH,FHPrintOrientations,Created,timestamp without time zone,YES,
FH,FHPrintOrientations,CreatedBy,text,YES,
FH,FHPrintOrientations,LastModified,timestamp without time zone,YES,
FH,FHPrintOrientations,LastModifiedBy,text,YES,
FH,FHPrintOrientations,IsInActive,boolean,NO,
FH,FHPrintOrientations,Name,text,YES,
FH,FHPrintOrientations,Description,text,YES,
FH,FHProcessedReceiptRunDatas,FHProcessedReceiptRunDataKey,uuid,NO,
FH,FHProcessedReceiptRunDatas,RunId,integer,NO,
FH,FHProcessedReceiptRunDatas,TotalReceipts,integer,NO,
FH,FHProcessedReceiptRunDatas,ReceiptDate,timestamp without time zone,YES,
FH,FHProcessedReceiptRunDatas,Created,timestamp without time zone,YES,
FH,FHProcessedReceiptRunDatas,CreatedBy,text,YES,
FH,FHProcessedReceiptRunDatas,LastModified,timestamp without time zone,YES,
FH,FHProcessedReceiptRunDatas,LastModifiedBy,text,YES,
FH,FHProcessedReceiptRunDatas,IsInActive,boolean,NO,
FH,FHProjectDatas,FHProjectDataKey,uuid,NO,
FH,FHProjectDatas,ProjectCode,text,YES,
FH,FHProjectDatas,ProjectName,text,YES,
FH,FHProjectDatas,Created,timestamp without time zone,YES,
FH,FHProjectDatas,CreatedBy,text,YES,
FH,FHProjectDatas,LastModified,timestamp without time zone,YES,
FH,FHProjectDatas,LastModifiedBy,text,YES,
FH,FHProjectDatas,IsInActive,boolean,NO,
FH,FHReceiptRunBankTransactionMappingDatas,FHReceiptRunBankTransactionMappingDataKey,uuid,NO,
FH,FHReceiptRunBankTransactionMappingDatas,FHProcessedReceiptRunDataKey,uuid,NO,
FH,FHReceiptRunBankTransactionMappingDatas,FHRevenueReceiptDataKey,uuid,NO,
FH,FHReceiptRunBankTransactionMappingDatas,FHBankTransactionDataKey,uuid,NO,
FH,FHReceiptRunJournalMappingDatas,FHReceiptRunJournalMappingDataKey,uuid,NO,
FH,FHReceiptRunJournalMappingDatas,FHProcessedReceiptRunDataKey,uuid,NO,
FH,FHReceiptRunJournalMappingDatas,FHRevenueReceiptDataKey,uuid,NO,
FH,FHReceiptRunJournalMappingDatas,FHGLJournalDataKey,uuid,NO,
FH,FHReportConfigs,Id,uuid,NO,
FH,FHReportConfigs,Name,text,NO,
FH,FHReportConfigs,ReportDataSourceId,uuid,YES,
FH,FHReportConfigs,SelectedColumns,text,YES,
FH,FHReportConfigs,InputParams,text,YES,
FH,FHReportConfigs,FilterQuery,text,YES,
FH,FHReportConfigs,QueryOptions,text,YES,
FH,FHReportConfigs,VisualConfigs,text,YES,
FH,FHReportConfigs,IsInactive,boolean,NO,
FH,FHReportConfigs,Created,timestamp without time zone,YES,
FH,FHReportConfigs,CreatedBy,text,YES,
FH,FHReportConfigs,LastModified,timestamp without time zone,YES,
FH,FHReportConfigs,LastModifiedBy,text,YES,
FH,FHReportConfigs,IsInActive,boolean,NO,
FH,FHReportDataSources,Id,uuid,NO,
FH,FHReportDataSources,Name,text,NO,
FH,FHReportDataSources,Invocation,text,YES,
FH,FHReportDataSources,Type,integer,NO,
FH,FHReportDataSources,EntityFullName,text,YES,
FH,FHReportDataSources,Columns,text,YES,
FH,FHReportDataSources,Joins,text,YES,
FH,FHReportDataSources,InputParams,text,YES,
FH,FHReportDataSources,IsInactive,boolean,NO,
FH,FHReportFilterDatas,FHReportFilterDataKey,uuid,NO,
FH,FHReportFilterDatas,FHReportType,integer,NO,
FH,FHReportFilterDatas,FilterData,text,YES,
FH,FHReportFilterDatas,Created,timestamp without time zone,YES,
FH,FHReportFilterDatas,CreatedBy,text,YES,
FH,FHReportFilterDatas,LastModified,timestamp without time zone,YES,
FH,FHReportFilterDatas,LastModifiedBy,text,YES,
FH,FHReportFilterDatas,IsInActive,boolean,NO,
FH,FHReportRelatedAccountBreakConfigurations,FHReportRelatedAccountBreakConfigurationKey,uuid,NO,
FH,FHReportRelatedAccountBreakConfigurations,Name,text,YES,
FH,FHReportRelatedAccountBreakConfigurations,Created,timestamp without time zone,YES,
FH,FHReportRelatedAccountBreakConfigurations,CreatedBy,text,YES,
FH,FHReportRelatedAccountBreakConfigurations,LastModified,timestamp without time zone,YES,
FH,FHReportRelatedAccountBreakConfigurations,LastModifiedBy,text,YES,
FH,FHReportRelatedAccountBreakConfigurations,IsInActive,boolean,NO,
FH,FHReportRelatedAccountBreakConfigurations,SequenceNo,integer,NO,
FH,FHRevenueGLDistributionDatas,FHRevenueGLDistributionDataKey,uuid,NO,
FH,FHRevenueGLDistributionDatas,FHGLAccountDataKey,uuid,YES,
FH,FHRevenueGLDistributionDatas,GLAccountnumber,text,NO,
FH,FHRevenueGLDistributionDatas,Percentage,numeric,YES,
FH,FHRevenueGLDistributionDatas,RecordType,integer,NO,
FH,FHRevenueGLDistributionDatas,SequenceNumber,integer,NO,
FH,FHRevenueGLDistributionDatas,FHGLRevenueCodeDataKey,uuid,NO,
FH,FHRevenueGLDistributionDatas,Created,timestamp without time zone,YES,
FH,FHRevenueGLDistributionDatas,CreatedBy,text,YES,
FH,FHRevenueGLDistributionDatas,LastModified,timestamp without time zone,YES,
FH,FHRevenueGLDistributionDatas,LastModifiedBy,text,YES,
FH,FHRevenueGLDistributionDatas,IsInActive,boolean,NO,
FH,FHRevenueReceiptBatchDatas,FHRevenueReceiptBatchDataKey,uuid,NO,
FH,FHRevenueReceiptBatchDatas,Created,timestamp without time zone,YES,
FH,FHRevenueReceiptBatchDatas,CreatedBy,text,YES,
FH,FHRevenueReceiptBatchDatas,LastModified,timestamp without time zone,YES,
FH,FHRevenueReceiptBatchDatas,LastModifiedBy,text,YES,
FH,FHRevenueReceiptBatchDatas,IsInActive,boolean,NO,
FH,FHRevenueReceiptBatchDatas,BatchNumber,bigint,YES,
FH,FHRevenueReceiptDatas,FHRevenueReceiptDataKey,uuid,NO,
FH,FHRevenueReceiptDatas,ReceiptNumber,bigint,NO,
FH,FHRevenueReceiptDatas,FHGLRevenueCodeDataKey,uuid,YES,
FH,FHRevenueReceiptDatas,Description,text,NO,
FH,FHRevenueReceiptDatas,Memo,text,NO,
FH,FHRevenueReceiptDatas,FHRevenueRecordDataKey,uuid,YES,
FH,FHRevenueReceiptDatas,Amount,numeric,NO,
FH,FHRevenueReceiptDatas,IsGlDistributionChanged,boolean,YES,
FH,FHRevenueReceiptDatas,IsRecorded,boolean,NO,
FH,FHRevenueReceiptDatas,Created,timestamp without time zone,YES,
FH,FHRevenueReceiptDatas,CreatedBy,text,YES,
FH,FHRevenueReceiptDatas,LastModified,timestamp without time zone,YES,
FH,FHRevenueReceiptDatas,LastModifiedBy,text,YES,
FH,FHRevenueReceiptDatas,IsInActive,boolean,NO,
FH,FHRevenueReceiptDatas,FHProcessedReceiptRunDataKey,uuid,YES,
FH,FHRevenueReceiptDatas,Status,integer,NO,0
FH,FHRevenueReceiptDatas,FHRevenueReceiptBatchDataKey,uuid,YES,
FH,FHRevenueReceiptDatas,CheckNumber,character varying,YES,
FH,FHRevenueReceiptDatas,ReceiptDate,timestamp without time zone,YES,
FH,FHRevenueReceiptDatas,FHARPaymentTypeKey,uuid,YES,
FH,FHRevenueReceiptGLDistributionDatas,FHRevenueReceiptGLDistributionDataKey,uuid,NO,
FH,FHRevenueReceiptGLDistributionDatas,FHRevenueReceiptDataKey,uuid,YES,
FH,FHRevenueReceiptGLDistributionDatas,FHGLAccountDataKey,uuid,YES,
FH,FHRevenueReceiptGLDistributionDatas,Percentage,numeric,NO,
FH,FHRevenueReceiptGLDistributionDatas,RecordType,integer,NO,
FH,FHRevenueReceiptGLDistributionDatas,SequenceNumber,integer,NO,
FH,FHRevenueReceiptGLDistributionDatas,Created,timestamp without time zone,YES,
FH,FHRevenueReceiptGLDistributionDatas,CreatedBy,text,YES,
FH,FHRevenueReceiptGLDistributionDatas,LastModified,timestamp without time zone,YES,
FH,FHRevenueReceiptGLDistributionDatas,LastModifiedBy,text,YES,
FH,FHRevenueReceiptGLDistributionDatas,IsInActive,boolean,NO,
FH,FHRevenueReceiptGLDistributionDatas,Amount,numeric,NO,0.0
FH,FHRevenueReceiptPaymentRecordDatas,FHRevenueReceiptPaymentRecordDataKey,uuid,NO,
FH,FHRevenueReceiptPaymentRecordDatas,PaymentAmount,numeric,NO,
FH,FHRevenueReceiptPaymentRecordDatas,FHRevenueRecordDataKey,uuid,YES,
FH,FHRevenueReceiptPaymentRecordDatas,FHRevenueReceiptDataKey,uuid,YES,
FH,FHRevenueReceiptPaymentRecordDatas,Created,timestamp without time zone,YES,
FH,FHRevenueReceiptPaymentRecordDatas,CreatedBy,text,YES,
FH,FHRevenueReceiptPaymentRecordDatas,LastModified,timestamp without time zone,YES,
FH,FHRevenueReceiptPaymentRecordDatas,LastModifiedBy,text,YES,
FH,FHRevenueReceiptPaymentRecordDatas,IsInActive,boolean,NO,
FH,FHRevenueReceiptPaymentRecordDatas,CreditCardAmount,numeric,YES,
FH,FHRevenueRecordDatas,FHRevenueRecordDataKey,uuid,NO,
FH,FHRevenueRecordDatas,AmountReceived,numeric,NO,
FH,FHRevenueRecordDatas,PaymentAmount,numeric,NO,
FH,FHRevenueRecordDatas,FHARPaymentTypeKey,uuid,NO,
FH,FHRevenueRecordDatas,Description,text,YES,
FH,FHRevenueRecordDatas,Created,timestamp without time zone,YES,
FH,FHRevenueRecordDatas,CreatedBy,text,YES,
FH,FHRevenueRecordDatas,LastModified,timestamp without time zone,YES,
FH,FHRevenueRecordDatas,LastModifiedBy,text,YES,
FH,FHRevenueRecordDatas,IsInActive,boolean,NO,
FH,FHRevenueRecordDatas,RemainingAmount,numeric,YES,
FH,FHRevenueRecordDatas,CheckNumber,character varying,YES,
FH,FHRevenueRecordDatas,FHBankTransactionDataKey,uuid,YES,
FH,FHRevenueRecordDatas,PaymentDate,timestamp without time zone,YES,
FH,FHRevenueRecordDatas,DepositDate,timestamp without time zone,YES,
FH,FHRevenueRecordDatas,FiscalPeriod,integer,YES,
FH,FHRevenueRecordDatas,VoidFiscalPeriod,integer,YES,
FH,FHRevenueRecordDatas,IsNotInGL,boolean,NO,false
FH,FHStateDatas,Code,integer,NO,
FH,FHStateDatas,Created,timestamp without time zone,YES,
FH,FHStateDatas,CreatedBy,text,YES,
FH,FHStateDatas,LastModified,timestamp without time zone,YES,
FH,FHStateDatas,LastModifiedBy,text,YES,
FH,FHStateDatas,IsInActive,boolean,NO,
FH,FHStateDatas,Name,text,YES,
FH,FHStateDatas,Description,text,YES,
FH,FHStateDatas,IsTerritory,boolean,NO,false
FH,FHTaxForm1096ContactPersonData,FHTaxForm1096ContactPersonDataKey,uuid,NO,
FH,FHTaxForm1096ContactPersonData,FHTaxFormYearEndPrintLogKey,uuid,YES,
FH,FHTaxForm1096ContactPersonData,Name,text,NO,
FH,FHTaxForm1096ContactPersonData,PhoneNumber,text,YES,
FH,FHTaxForm1096ContactPersonData,EmailAddress,text,YES,
FH,FHTaxForm1096ContactPersonData,FaxNumber,text,YES,
FH,FHTaxForm1096ContactPersonData,Created,timestamp without time zone,YES,
FH,FHTaxForm1096ContactPersonData,CreatedBy,text,YES,
FH,FHTaxForm1096ContactPersonData,LastModified,timestamp without time zone,YES,
FH,FHTaxForm1096ContactPersonData,LastModifiedBy,text,YES,
FH,FHTaxForm1096ContactPersonData,IsInActive,boolean,NO,
FH,FHTaxFormPrintTemplates,FHTaxFormPrintTemplateKey,uuid,NO,
FH,FHTaxFormPrintTemplates,FHTaxFormPrintFormattingCategory,integer,YES,
FH,FHTaxFormPrintTemplates,FormLength,numeric,YES,
FH,FHTaxFormPrintTemplates,FormWidth,numeric,YES,
FH,FHTaxFormPrintTemplates,IsPrintWithOverlay,boolean,NO,
FH,FHTaxFormPrintTemplates,Overlay,text,YES,
FH,FHTaxFormPrintTemplates,OverlayName,text,YES,
FH,FHTaxFormPrintTemplates,FontSize,numeric,YES,
FH,FHTaxFormPrintTemplates,FHFontFamilyDataKey,uuid,YES,
FH,FHTaxFormPrintTemplates,HtmlTemplate,text,YES,
FH,FHTaxFormPrintTemplates,IsEditable,boolean,NO,
FH,FHTaxFormPrintTemplates,HtmlString,text,YES,
FH,FHTaxFormPrintTemplates,IsDefault,boolean,YES,
FH,FHTaxFormPrintTemplates,HtmlTableBody,text,YES,
FH,FHTaxFormPrintTemplates,HTMLPrintTemplate,text,YES,
FH,FHTaxFormPrintTemplates,CSSStyle,text,YES,
FH,FHTaxFormPrintTemplates,NumberFormsPerSheet,integer,YES,
FH,FHTaxFormPrintTemplates,BlankPrintSheet,text,YES,
FH,FHTaxFormPrintTemplates,BlankPrintSheetName,text,YES,
FH,FHTaxFormPrintTemplates,HtmlFormsTemplate,text,YES,
FH,FHTaxFormPrintTemplates,Created,timestamp without time zone,YES,
FH,FHTaxFormPrintTemplates,CreatedBy,text,YES,
FH,FHTaxFormPrintTemplates,LastModified,timestamp without time zone,YES,
FH,FHTaxFormPrintTemplates,LastModifiedBy,text,YES,
FH,FHTaxFormPrintTemplates,IsInActive,boolean,NO,
FH,FHTaxFormPrintTemplates,PaperLength,numeric,YES,
FH,FHTaxFormPrintTemplates,PaperWidth,numeric,YES,
FH,FHTaxFormYearEndPrintLogs,FHTaxFormYearEndPrintLogKey,uuid,NO,
FH,FHTaxFormYearEndPrintLogs,FHTaxFormPrintFormattingCategory,integer,NO,
FH,FHTaxFormYearEndPrintLogs,Year,integer,NO,
FH,FHTaxFormYearEndPrintLogs,Created,timestamp without time zone,YES,
FH,FHTaxFormYearEndPrintLogs,CreatedBy,text,YES,
FH,FHTaxFormYearEndPrintLogs,LastModified,timestamp without time zone,YES,
FH,FHTaxFormYearEndPrintLogs,LastModifiedBy,text,YES,
FH,FHTaxFormYearEndPrintLogs,IsInActive,boolean,NO,
FH,FHTaxFormYearEndPrintVendorLogs,FHTaxFormYearEndPrintVendorLogKey,uuid,NO,
FH,FHTaxFormYearEndPrintVendorLogs,FHTaxFormYearEndPrintLogKey,uuid,NO,
FH,FHTaxFormYearEndPrintVendorLogs,FHVendorSetupDataKey,uuid,NO,
FH,FHTaxFormYearEndPrintVendorLogs,Created,timestamp without time zone,YES,
FH,FHTaxFormYearEndPrintVendorLogs,CreatedBy,text,YES,
FH,FHTaxFormYearEndPrintVendorLogs,LastModified,timestamp without time zone,YES,
FH,FHTaxFormYearEndPrintVendorLogs,LastModifiedBy,text,YES,
FH,FHTaxFormYearEndPrintVendorLogs,IsInActive,boolean,NO,
FH,FHUBRevenueCodeDatas,FHUBRevenueCodeDataKey,uuid,NO,
FH,FHUBRevenueCodeDatas,RevenueCode,text,NO,
FH,FHUBRevenueCodeDatas,Description,text,NO,
FH,FHUBRevenueCodeDatas,FHBankAccountSetupDataKey,uuid,YES,
FH,FHUBRevenueCodeDatas,Created,timestamp without time zone,YES,
FH,FHUBRevenueCodeDatas,CreatedBy,text,YES,
FH,FHUBRevenueCodeDatas,IsInActive,boolean,NO,false
FH,FHUBRevenueCodeDatas,LastModified,timestamp without time zone,YES,
FH,FHUBRevenueCodeDatas,LastModifiedBy,text,YES,
FH,FHUbARFrontDeskPaymentDatas,FHUbARFrontDeskPaymentDataKey,uuid,NO,
FH,FHUbARFrontDeskPaymentDatas,TransactionId,text,NO,
FH,FHUbARFrontDeskPaymentDatas,UBAccountNumber,text,YES,
FH,FHUbARFrontDeskPaymentDatas,PayeeName,text,YES,
FH,FHUbARFrontDeskPaymentDatas,EPayId,text,YES,
FH,FHUbARFrontDeskPaymentDatas,PaymentDate,timestamp without time zone,YES,
FH,FHUbARFrontDeskPaymentDatas,PaymentTime,text,YES,
FH,FHUbARFrontDeskPaymentDatas,PaymentAmount,numeric,YES,
FH,FHUbARFrontDeskPaymentDatas,Module,text,YES,
FH,FHUbARFrontDeskPaymentDatas,Description,text,YES,
FH,FHUbARFrontDeskPaymentDatas,EmailId,text,YES,
FH,FHUbARFrontDeskPaymentDatas,UBRevenueCode,text,YES,
FH,FHUbARFrontDeskPaymentDatas,PaymentMethod,text,YES,
FH,FHUbARFrontDeskPaymentDatas,VendorAutoPlay,boolean,YES,
FH,FHUbARFrontDeskPaymentDatas,Vendor,text,YES,
FH,FHUbARFrontDeskPaymentDatas,TimeZone,text,YES,
FH,FHUbARFrontDeskPaymentDatas,DataToken,text,YES,
FH,FHUbARFrontDeskPaymentDatas,Created,timestamp without time zone,YES,
FH,FHUbARFrontDeskPaymentDatas,CreatedBy,text,YES,
FH,FHUbARFrontDeskPaymentDatas,LastModified,timestamp without time zone,YES,
FH,FHUbARFrontDeskPaymentDatas,LastModifiedBy,text,YES,
FH,FHUbARFrontDeskPaymentDatas,IsInActive,boolean,NO,
FH,FHUbARReceiptBatchDatas,FHUbARReceiptBatchDataKey,uuid,NO,
FH,FHUbARReceiptBatchDatas,Created,timestamp without time zone,YES,
FH,FHUbARReceiptBatchDatas,CreatedBy,text,YES,
FH,FHUbARReceiptBatchDatas,LastModified,timestamp without time zone,YES,
FH,FHUbARReceiptBatchDatas,LastModifiedBy,text,YES,
FH,FHUbARReceiptBatchDatas,IsInActive,boolean,NO,
FH,FHUbARReceiptBatchDatas,BatchNumber,bigint,YES,
FH,FHUbARReceiptDatas,FHUbARReceiptDataKey,uuid,NO,
FH,FHUbARReceiptDatas,ReceiptNumber,bigint,NO,
FH,FHUbARReceiptDatas,Memo,text,NO,
FH,FHUbARReceiptDatas,Amount,numeric,NO,
FH,FHUbARReceiptDatas,UBAccountNumber,text,YES,
FH,FHUbARReceiptDatas,IsRecorded,boolean,NO,
FH,FHUbARReceiptDatas,FHUBRevenueCodeDataKey,uuid,YES,
FH,FHUbARReceiptDatas,FHARPaymentTypeKey,uuid,NO,
FH,FHUbARReceiptDatas,FHUbARReceiptBatchDataKey,uuid,YES,
FH,FHUbARReceiptDatas,Created,timestamp without time zone,YES,
FH,FHUbARReceiptDatas,CreatedBy,text,YES,
FH,FHUbARReceiptDatas,LastModified,timestamp without time zone,YES,
FH,FHUbARReceiptDatas,LastModifiedBy,text,YES,
FH,FHUbARReceiptDatas,IsInActive,boolean,NO,
FH,FHUbARReceiptDatas,CheckNumber,character varying,YES,
FH,FHUbARReceiptDatas,ReceiptDate,timestamp without time zone,YES,
FH,FHUbARReceiptDatas,IsCreatedInFrontDesk,boolean,NO,true
FH,FHUbARReceiptPaymentDatas,FHUbARReceiptPaymentDataKey,uuid,NO,
FH,FHUbARReceiptPaymentDatas,PaymentAmount,numeric,NO,
FH,FHUbARReceiptPaymentDatas,ReceivedAmount,numeric,NO,
FH,FHUbARReceiptPaymentDatas,RemainingAmount,numeric,YES,
FH,FHUbARReceiptPaymentDatas,Description,text,YES,
FH,FHUbARReceiptPaymentDatas,FHARPaymentTypeKey,uuid,NO,
FH,FHUbARReceiptPaymentDatas,Created,timestamp without time zone,YES,
FH,FHUbARReceiptPaymentDatas,CreatedBy,text,YES,
FH,FHUbARReceiptPaymentDatas,LastModified,timestamp without time zone,YES,
FH,FHUbARReceiptPaymentDatas,LastModifiedBy,text,YES,
FH,FHUbARReceiptPaymentDatas,IsInActive,boolean,NO,
FH,FHUbARReceiptPaymentDatas,CheckNumber,character varying,YES,
FH,FHUbARReceiptPaymentDatas,FHBankTransactionDataKey,uuid,YES,
FH,FHUbARReceiptPaymentDatas,PaymentDate,timestamp without time zone,YES,
FH,FHUbARReceiptPaymentDatas,DepositDate,timestamp without time zone,YES,
FH,FHUbARReceiptPaymentDatas,FiscalPeriod,integer,YES,
FH,FHUbARReceiptPaymentDatas,VoidFiscalPeriod,integer,YES,
FH,FHUbARReceiptPaymentDatas,IsNotInGL,boolean,NO,false
FH,FHUbARReceiptPaymentRecordDatas,FHUbARReceiptPaymentRecordDataKey,uuid,NO,
FH,FHUbARReceiptPaymentRecordDatas,PaymentAmount,numeric,NO,
FH,FHUbARReceiptPaymentRecordDatas,FHUbARReceiptPaymentDataKey,uuid,YES,
FH,FHUbARReceiptPaymentRecordDatas,FHUbARReceiptDataKey,uuid,YES,
FH,FHUbARReceiptPaymentRecordDatas,Created,timestamp without time zone,YES,
FH,FHUbARReceiptPaymentRecordDatas,CreatedBy,text,YES,
FH,FHUbARReceiptPaymentRecordDatas,LastModified,timestamp without time zone,YES,
FH,FHUbARReceiptPaymentRecordDatas,LastModifiedBy,text,YES,
FH,FHUbARReceiptPaymentRecordDatas,IsInActive,boolean,NO,
FH,FHUbARReceiptPaymentRecordDatas,CreditCardAmount,numeric,YES,
FH,FHUbARReceiptPaymentRecordDatas,FHUbProcessedReceiptRunDataKey,uuid,YES,
FH,FHUbARReceiptPaymentRecordDatas,Status,integer,YES,
FH,FHUbProcessedReceiptRunDatas,FHUbProcessedReceiptRunDataKey,uuid,NO,
FH,FHUbProcessedReceiptRunDatas,RunId,integer,NO,
FH,FHUbProcessedReceiptRunDatas,TotalReceipts,integer,NO,
FH,FHUbProcessedReceiptRunDatas,ReceiptDate,timestamp without time zone,YES,
FH,FHUbProcessedReceiptRunDatas,Created,timestamp without time zone,YES,
FH,FHUbProcessedReceiptRunDatas,CreatedBy,text,YES,
FH,FHUbProcessedReceiptRunDatas,LastModified,timestamp without time zone,YES,
FH,FHUbProcessedReceiptRunDatas,LastModifiedBy,text,YES,
FH,FHUbProcessedReceiptRunDatas,IsInActive,boolean,NO,
FH,FHUbProcessedReceiptRunlogs,FHUbProcessedReceiptRunlogKey,uuid,NO,
FH,FHUbProcessedReceiptRunlogs,FHUbProcessedReceiptRunDataKey,uuid,YES,
FH,FHUbProcessedReceiptRunlogs,FHUbARReceiptDataKey,uuid,YES,
FH,FHUbProcessedReceiptRunlogs,FHUbARReceiptPaymentRecordDataKey,uuid,YES,
FH,FHUbProcessedReceiptRunlogs,HubType,integer,NO,
FH,FHUbProcessedReceiptRunlogs,Type,integer,NO,
FH,FHUbProcessedReceiptRunlogs,Status,integer,NO,
FH,FHUbProcessedReceiptRunlogs,Message,text,YES,
FH,FHUbProcessedReceiptRunlogs,Created,timestamp without time zone,YES,
FH,FHUbProcessedReceiptRunlogs,CreatedBy,text,YES,
FH,FHUbProcessedReceiptRunlogs,LastModified,timestamp without time zone,YES,
FH,FHUbProcessedReceiptRunlogs,LastModifiedBy,text,YES,
FH,FHUbProcessedReceiptRunlogs,IsInActive,boolean,NO,
FH,FHVendorAttachmentFileDatas,FHVendorAttachmentFileDataKey,uuid,NO,
FH,FHVendorAttachmentFileDatas,FHVendorSetupDataKey,uuid,YES,
FH,FHVendorAttachmentFileDatas,FileName,text,NO,
FH,FHVendorAttachmentFileDatas,FilePath,text,NO,
FH,FHVendorAttachmentFileDatas,Size,integer,NO,
FH,FHVendorAttachmentFileDatas,FileExtension,text,NO,
FH,FHVendorAttachmentFileDatas,Created,timestamp without time zone,YES,
FH,FHVendorAttachmentFileDatas,CreatedBy,text,YES,
FH,FHVendorAttachmentFileDatas,LastModified,timestamp without time zone,YES,
FH,FHVendorAttachmentFileDatas,LastModifiedBy,text,YES,
FH,FHVendorAttachmentFileDatas,IsInActive,boolean,NO,
FH,FHVendorGLDistributionDatas,FHVendorGLDistributionDataKey,uuid,NO,
FH,FHVendorGLDistributionDatas,FHVendorSetupDataKey,uuid,NO,
FH,FHVendorGLDistributionDatas,FHGLAccountDataKey,uuid,NO,
FH,FHVendorGLDistributionDatas,GLAccountNumber,text,NO,
FH,FHVendorGLDistributionDatas,Percentage,numeric,YES,
FH,FHVendorGLDistributionDatas,RecordType,integer,NO,
FH,FHVendorGLDistributionDatas,SequenceNumber,integer,NO,
FH,FHVendorGLDistributionDatas,Created,timestamp without time zone,YES,
FH,FHVendorGLDistributionDatas,CreatedBy,text,YES,
FH,FHVendorGLDistributionDatas,LastModified,timestamp without time zone,YES,
FH,FHVendorGLDistributionDatas,LastModifiedBy,text,YES,
FH,FHVendorGLDistributionDatas,IsInActive,boolean,NO,
FH,FHVendorPaymentAmountDatas,FHVendorPaymentAmountDataKey,uuid,NO,
FH,FHVendorPaymentAmountDatas,FHVendorSetupDataKey,uuid,NO,
FH,FHVendorPaymentAmountDatas,PaymentAmount,text,YES,
FH,FHVendorPaymentAmountDatas,PreviousPaymentAmount,text,YES,
FH,FHVendorPaymentAmountDatas,Created,timestamp without time zone,YES,
FH,FHVendorPaymentAmountDatas,CreatedBy,text,YES,
FH,FHVendorPaymentAmountDatas,LastModified,timestamp without time zone,YES,
FH,FHVendorPaymentAmountDatas,LastModifiedBy,text,YES,
FH,FHVendorPaymentAmountDatas,IsInActive,boolean,NO,
FH,FHVendorPaymentAmountDatas,Year,integer,YES,
FH,FHVendorPaymentRefreshLogs,FHVendorPaymentRefreshLogKey,uuid,NO,
FH,FHVendorPaymentRefreshLogs,PaymentCalculationDateTime,timestamp without time zone,YES,
FH,FHVendorPaymentRefreshLogs,PaymentCalculationStatus,text,YES,
FH,FHVendorPaymentRefreshLogs,Created,timestamp without time zone,YES,
FH,FHVendorPaymentRefreshLogs,CreatedBy,text,YES,
FH,FHVendorPaymentRefreshLogs,LastModified,timestamp without time zone,YES,
FH,FHVendorPaymentRefreshLogs,LastModifiedBy,text,YES,
FH,FHVendorPaymentRefreshLogs,IsInActive,boolean,NO,
FH,FHVendorSetupDatas,FHVendorSetupDataKey,uuid,NO,
FH,FHVendorSetupDatas,VendorCode,text,NO,
FH,FHVendorSetupDatas,VendorName,text,NO,
FH,FHVendorSetupDatas,Created,timestamp without time zone,YES,
FH,FHVendorSetupDatas,CreatedBy,text,YES,
FH,FHVendorSetupDatas,LastModified,timestamp without time zone,YES,
FH,FHVendorSetupDatas,LastModifiedBy,text,YES,
FH,FHVendorSetupDatas,IsInActive,boolean,NO,
FH,FHVendorSetupDatas,Account1099Type,integer,YES,
FH,FHVendorSetupDatas,Address1,text,YES,
FH,FHVendorSetupDatas,Address2,text,YES,
FH,FHVendorSetupDatas,BankAccountNumber,text,YES,
FH,FHVendorSetupDatas,BankRouting,text,YES,
FH,FHVendorSetupDatas,City,text,YES,
FH,FHVendorSetupDatas,ContactPhoneNumber,text,YES,
FH,FHVendorSetupDatas,ContactReference,text,YES,
FH,FHVendorSetupDatas,EmailId,text,YES,
FH,FHVendorSetupDatas,FirstName,text,YES,
FH,FHVendorSetupDatas,LastName,text,YES,
FH,FHVendorSetupDatas,NickName,text,YES,
FH,FHVendorSetupDatas,Notes,text,YES,
FH,FHVendorSetupDatas,PaymentAccountType,integer,YES,
FH,FHVendorSetupDatas,PaymentMethod,integer,YES,
FH,FHVendorSetupDatas,PhoneNumber,text,YES,
FH,FHVendorSetupDatas,Reference,text,YES,
FH,FHVendorSetupDatas,RemitToAddress1,text,YES,
FH,FHVendorSetupDatas,RemitToAddress2,text,YES,
FH,FHVendorSetupDatas,RemitToCity,text,YES,
FH,FHVendorSetupDatas,RemitToName,text,YES,
FH,FHVendorSetupDatas,RemitToState,text,YES,
FH,FHVendorSetupDatas,RemitToZipCode,text,YES,
FH,FHVendorSetupDatas,State,text,YES,
FH,FHVendorSetupDatas,TaxId,text,YES,
FH,FHVendorSetupDatas,Website,text,YES,
FH,FHVendorSetupDatas,ZipCode,text,YES,
FH,FHVendorSetupDatas,IsEncrypted,boolean,YES,
FH,FHVoucherPrintTemplates,FHVoucherPrintTemplateKey,uuid,NO,
FH,FHVoucherPrintTemplates,TemplateName,text,YES,
FH,FHVoucherPrintTemplates,IsPrintWithOverlay,boolean,NO,
FH,FHVoucherPrintTemplates,Overlay,text,YES,
FH,FHVoucherPrintTemplates,PrintPaperFontCode,integer,YES,
FH,FHVoucherPrintTemplates,HtmlTemplate,text,YES,
FH,FHVoucherPrintTemplates,IsEditable,boolean,NO,
FH,FHVoucherPrintTemplates,HtmlString,text,YES,
FH,FHVoucherPrintTemplates,IsDefault,boolean,YES,
FH,FHVoucherPrintTemplates,Created,timestamp without time zone,YES,
FH,FHVoucherPrintTemplates,CreatedBy,text,YES,
FH,FHVoucherPrintTemplates,LastModified,timestamp without time zone,YES,
FH,FHVoucherPrintTemplates,LastModifiedBy,text,YES,
FH,FHVoucherPrintTemplates,IsInActive,boolean,NO,
FH,FHVoucherPrintTemplates,PrintPaperLength,numeric,YES,
FH,FHVoucherPrintTemplates,PrintPaperWidth,numeric,YES,
FH,FHVoucherPrintTemplates,PrintPaperFontSize,numeric,YES,
FH,FHVoucherPrintTemplates,OverlayName,text,YES,
FH,FHVoucherPrintTemplates,CSSStyle,text,YES,
FH,FHVoucherPrintTemplates,HTMLPrintTemplate,text,YES,
FH,FHVoucherPrintTemplates,HtmlTableBody,text,YES,
FH,FHVoucherPrintTemplates,VoucherFormat,integer,NO,0
FH,FHYearEndDistributionDatas,FHYearEndDistributionDataKey,uuid,NO,
FH,FHYearEndDistributionDatas,FHFundAccountBreakDataKey,uuid,YES,
FH,FHYearEndDistributionDatas,FundBalanceGlAccountDataKey,uuid,YES,
FH,FHYearEndDistributionDatas,ProfitHandlerGlAccountDataKey,uuid,YES,
FH,FHYearEndDistributionDatas,Created,timestamp without time zone,YES,
FH,FHYearEndDistributionDatas,CreatedBy,text,YES,
FH,FHYearEndDistributionDatas,LastModified,timestamp without time zone,YES,
FH,FHYearEndDistributionDatas,LastModifiedBy,text,YES,
FH,FHYearEndDistributionDatas,IsInActive,boolean,NO,
FH,FHYearEndRollDatas,FHYearEndRollDataKey,uuid,NO,
FH,FHYearEndRollDatas,FiscalYear,integer,NO,
FH,FHYearEndRollDatas,FiscalMonth,integer,NO,
FH,FHYearEndRollDatas,ProcessDate,timestamp without time zone,NO,
FH,FHYearEndRollDatas,YearEndRollStatus,integer,NO,
FH,FHYearEndRollDatas,Created,timestamp without time zone,YES,
FH,FHYearEndRollDatas,CreatedBy,text,YES,
FH,FHYearEndRollDatas,LastModified,timestamp without time zone,YES,
FH,FHYearEndRollDatas,LastModifiedBy,text,YES,
FH,FHYearEndRollDatas,IsInActive,boolean,NO,
FH,FHYearEndRollDatas,FHJournaDataKey,uuid,YES,
FH,FH_MigrationHistory,MigrationId,character varying,NO,
FH,FH_MigrationHistory,ProductVersion,character varying,NO,
FH,ReportRelatedAccountBreakAccountLineMappings,ReportRelatedAccountBreakAccountLineMappingKey,uuid,NO,
FH,ReportRelatedAccountBreakAccountLineMappings,ReportRelatedAccountBreakKey,uuid,NO,
FH,ReportRelatedAccountBreakAccountLineMappings,FHAccountLineBreakDataKey,uuid,NO,
FH,ReportRelatedAccountBreakAccountLineMappings,Created,timestamp without time zone,YES,
FH,ReportRelatedAccountBreakAccountLineMappings,CreatedBy,text,YES,
FH,ReportRelatedAccountBreakAccountLineMappings,LastModified,timestamp without time zone,YES,
FH,ReportRelatedAccountBreakAccountLineMappings,LastModifiedBy,text,YES,
FH,ReportRelatedAccountBreakAccountLineMappings,IsInActive,boolean,NO,
FH,ReportRelatedAccountBreaks,ReportRelatedAccountBreakKey,uuid,NO,
FH,ReportRelatedAccountBreaks,Name,text,NO,
FH,ReportRelatedAccountBreaks,Order,integer,NO,
FH,ReportRelatedAccountBreaks,FHReportRelatedAccountBreakConfigurationKey,uuid,NO,
FH,ReportRelatedAccountBreaks,Created,timestamp without time zone,YES,
FH,ReportRelatedAccountBreaks,CreatedBy,text,YES,
FH,ReportRelatedAccountBreaks,LastModified,timestamp without time zone,YES,
FH,ReportRelatedAccountBreaks,LastModifiedBy,text,YES,
FH,ReportRelatedAccountBreaks,IsInActive,boolean,NO,
