table_schema,table_name,column_name,foreign_table_schema,foreign_table_name,foreign_column_name
FH,FHAPCheckPrintTemplates,FHBankAccountSetupDataKey,FH,FHBankAccountSetupDatas,FHBankAccountSetupDataKey
FH,FHAPCheckPrintTemplates,PrintPaperFontCode,FH,FHFonts,Code
FH,FHAPInvoiceAccountLineCreditAmountLogs,FHAPInvoiceAccountLineFromDataKey,FH,FHAPInvoiceAccountLineDatas,FHAPInvoiceAccountLineDataKey
FH,FHAPInvoiceAccountLineDatas,FHApInvoiceCheckDataKey,FH,FHAPInvoiceCheckDatas,FHAPInvoiceCheckDataKey
FH,FHAPInvoiceAccountLineDatas,FHAPInvoiceDataKey,FH,FHAPInvoiceDatas,FHAPInvoiceDataKey
FH,FHAPInvoiceAccountLineDatas,FHBankAccountSetupDataKey,FH,FHBankAccountSetupDatas,FHBankAccountSetupDataKey
FH,FHAPInvoiceAccountLineDatas,FHDistributionIdSetupDataKey,FH,FHDistributionIdSetupDatas,FHDistributionIdSetupDataKey
FH,FHAPInvoiceAccountLineDatas,FHGLAccountDataKey,FH,FHGLAccountDatas,FHGLAccountDataKey
FH,FHAPInvoiceCheckDatas,FHAPFinalizedRunDataKey,FH,FHAPFinalizedRunDatas,FHAPFinalizedRunDataKey
FH,FHAPInvoiceCheckDatas,FHAPInvoiceDataKey,FH,FHAPInvoiceDatas,FHAPInvoiceDataKey
FH,FHAPInvoiceCheckDatas,FHBankAccountSetupDataKey,FH,FHBankAccountSetupDatas,FHBankAccountSetupDataKey
FH,FHAPInvoiceCheckDatas,FHDistributionIdSetupDataKey,FH,FHDistributionIdSetupDatas,FHDistributionIdSetupDataKey
FH,FHAPInvoiceCheckDatas,FHVendorSetupDataKey,FH,FHVendorSetupDatas,FHVendorSetupDataKey
FH,FHAPInvoiceCheckPrintLogs,FHAPInvoiceCheckDataKey,FH,FHAPInvoiceCheckDatas,FHAPInvoiceCheckDataKey
FH,FHAPInvoiceCheckPrintLogs,FHAPInvoiceCheckPrintDataKey,FH,FHAPInvoiceCheckPrintDatas,FHAPInvoiceCheckPrintDataKey
FH,FHAPInvoiceCreditAppliedDatas,FHAPInvoiceAccountLineFromDataKey,FH,FHAPInvoiceAccountLineDatas,FHAPInvoiceAccountLineDataKey
FH,FHAPInvoiceCreditAppliedDatas,FHAPInvoiceFromDataKey,FH,FHAPInvoiceDatas,FHAPInvoiceDataKey
FH,FHAPInvoiceCreditAppliedDatas,FHAPInvoiceToDataKey,FH,FHAPInvoiceDatas,FHAPInvoiceDataKey
FH,FHAPInvoiceDatas,FHAPFinalizedRunDataKey,FH,FHAPFinalizedRunDatas,FHAPFinalizedRunDataKey
FH,FHAPInvoiceDatas,FHVendorSetupDataKey,FH,FHVendorSetupDatas,FHVendorSetupDataKey
FH,FHAPInvoiceNachaDatas,FHAPFinalizedRunDataKey,FH,FHAPFinalizedRunDatas,FHAPFinalizedRunDataKey
FH,FHAPInvoiceNachaDetailDatas,FHAPInvoiceAccountLineDataKey,FH,FHAPInvoiceAccountLineDatas,FHAPInvoiceAccountLineDataKey
FH,FHAPInvoiceNachaDetailDatas,FHAPInvoiceDataKey,FH,FHAPInvoiceDatas,FHAPInvoiceDataKey
FH,FHAPInvoiceNachaDetailDatas,FHAPInvoiceNachaDataKey,FH,FHAPInvoiceNachaDatas,FHAPInvoiceNachaDataKey
FH,FHAPInvoiceNachaDetailDatas,FHBankAccountSetupDataKey,FH,FHBankAccountSetupDatas,FHBankAccountSetupDataKey
FH,FHAPInvoiceNachalogs,FHAPInvoiceNachaDataKey,FH,FHAPInvoiceNachaDatas,FHAPInvoiceNachaDataKey
FH,FHAPInvoiceNoteAttachmentDatas,FHAPInvoiceNoteDataKey,FH,FHAPInvoiceNotesDatas,FHAPInvoiceNoteDataKey
FH,FHAPInvoiceNotesDatas,FHAPInvoiceDataKey,FH,FHAPInvoiceDatas,FHAPInvoiceDataKey
FH,FHAPRunBankTransactionMappingDatas,FHAPFinalizedRunDataKey,FH,FHAPFinalizedRunDatas,FHAPFinalizedRunDataKey
FH,FHAPRunBankTransactionMappingDatas,FHAPInvoiceCheckDataKey,FH,FHAPInvoiceCheckDatas,FHAPInvoiceCheckDataKey
FH,FHAPRunBankTransactionMappingDatas,FHAPInvoiceDataKey,FH,FHAPInvoiceDatas,FHAPInvoiceDataKey
FH,FHAPRunBankTransactionMappingDatas,FHBankTransactionDataKey,FH,FHBankTransactionDatas,FHBankTransactionDataKey
FH,FHAPRunJournalMappingDatas,FHAPFinalizedRunDataKey,FH,FHAPFinalizedRunDatas,FHAPFinalizedRunDataKey
FH,FHAPRunJournalMappingDatas,FHAPInvoiceDataKey,FH,FHAPInvoiceDatas,FHAPInvoiceDataKey
FH,FHAPRunJournalMappingDatas,FHGLJournalDataKey,FH,FHGLJournalDatas,FHGLJournalDataKey
FH,FHARParameterSettings,DefaultIVRPaymentTypeDataKey,FH,FHARPaymentTypes,FHARPaymentTypeKey
FH,FHARParameterSettings,DefaultPaymentTypeDataKey,FH,FHARPaymentTypes,FHARPaymentTypeKey
FH,FHARParameterSettings,FrontDeskCreditCardPaymentTypeDataKey,FH,FHARPaymentTypes,FHARPaymentTypeKey
FH,FHARParameterSettings,FrontDeskECheckPaymentTypeDataKey,FH,FHARPaymentTypes,FHARPaymentTypeKey
FH,FHARParameterSettings,DefaultBankForCreditCardDepositsGLDataKey,FH,FHBankAccountSetupDatas,FHBankAccountSetupDataKey
FH,FHARParameterSettings,DefaultBankForCreditCardDepositsUBDataKey,FH,FHBankAccountSetupDatas,FHBankAccountSetupDataKey
FH,FHARParameterSettings,FrontDeskBankNumberDataKey,FH,FHBankAccountSetupDatas,FHBankAccountSetupDataKey
FH,FHARParameterSettings,DefaultIVRRevenueCodeDataKey,FH,FHUBRevenueCodeDatas,FHUBRevenueCodeDataKey
FH,FHARParameterSettings,FrontDeskUBRevenueCodeDataKey,FH,FHUBRevenueCodeDatas,FHUBRevenueCodeDataKey
FH,FHARPaymentTypes,DefaultFHARPaymentTypeKey,FH,FHARPaymentTypes,FHARPaymentTypeKey
FH,FHAccountLineBreakDatas,FHAccountBreakConfigurationKey,FH,FHAccountBreakConfigurations,FHAccountBreakConfigurationKey
FH,FHAccountLineBreakDatas,FHAccountLineRangeConfigurationKey,FH,FHAccountLineRangeConfigurations,FHAccountLineRangeConfigurationKey
FH,FHAccountTypeLineBreakFormats,FHAccountBreakConfigurationKey,FH,FHAccountBreakConfigurations,FHAccountBreakConfigurationKey
FH,FHActivityAccountBreakDatas,FHAccountBreakConfigurationKey,FH,FHAccountBreakConfigurations,FHAccountBreakConfigurationKey
FH,FHBankReconcileStatementDatas,FHBankAccountSetupDataKey,FH,FHBankAccountSetupDatas,FHBankAccountSetupDataKey
FH,FHBankReconcileTransactionMappingDatas,FHBankReconcileStatementDataKey,FH,FHBankReconcileStatementDatas,FHBankReconcileStatementDataKey
FH,FHBankReconcileTransactionMappingDatas,FHBankTransactionDataKey,FH,FHBankTransactionDatas,FHBankTransactionDataKey
FH,FHBankTransactionDatas,BankFromKey,FH,FHBankAccountSetupDatas,FHBankAccountSetupDataKey
FH,FHBankTransactionDatas,BankToKey,FH,FHBankAccountSetupDatas,FHBankAccountSetupDataKey
FH,FHBankTransactionDatas,FHBankTransactionTypeDataKey,FH,FHBankTransactionTypeDatas,FHBankTransactionTypeDataKey
FH,FHBankTransactionDatas,FHFundAccountBreakDataKey,FH,FHFundAccountBreakDatas,FHFundAccountBreakDataKey
FH,FHBankTransactionDatas,FHGLBankTransferDataKey,FH,FHGLBankTransferDatas,FHGLBankTransferDataKey
FH,FHBankTransactionDatas,FHGLJournalDataKey,FH,FHGLJournalDatas,FHGLJournalDataKey
FH,FHBankTransactionFundDatas,FHBankTransactionDataKey,FH,FHBankTransactionDatas,FHBankTransactionDataKey
FH,FHBankTransactionFundDatas,FHFundAccountBreakDataKey,FH,FHFundAccountBreakDatas,FHFundAccountBreakDataKey
FH,FHCashBalanceByBankAccountDatas,FHGLAccountDataKey,FH,FHGLAccountDatas,FHGLAccountDataKey
FH,FHCashLineSetupDatas,FHGLAccountDataKey,FH,FHGLAccountDatas,FHGLAccountDataKey
FH,FHCashReportGeneratedBankDatas,FHBankAccountSetupDataKey,FH,FHBankAccountSetupDatas,FHBankAccountSetupDataKey
FH,FHCashReportGeneratedBankDatas,FHCashReportGeneratedLogKey,FH,FHCashReportGeneratedLogs,FHCashReportGeneratedLogKey
FH,FHCashReportGeneratedBankOutstandingDatas,FHBankAccountSetupDataKey,FH,FHBankAccountSetupDatas,FHBankAccountSetupDataKey
FH,FHCashReportGeneratedBankOutstandingDatas,FHCashReportGeneratedLogKey,FH,FHCashReportGeneratedLogs,FHCashReportGeneratedLogKey
FH,FHCashReportGeneratedGLAccountDatas,FHCashReportGeneratedLogKey,FH,FHCashReportGeneratedLogs,FHCashReportGeneratedLogKey
FH,FHCashReportGeneratedGLAccountDatas,FHGLAccountDataKey,FH,FHGLAccountDatas,FHGLAccountDataKey
FH,FHCashReportGeneratedLogs,FHBankAccountSetupDataKey,FH,FHBankAccountSetupDatas,FHBankAccountSetupDataKey
FH,FHCreditCardDepositGLDistributionDatas,FHCashGLAccountDataFHGLAccountDataKey,FH,FHGLAccountDatas,FHGLAccountDataKey
FH,FHCreditCardDepositGLDistributionDatas,FHExpenseGLAccountDataFHGLAccountDataKey,FH,FHGLAccountDatas,FHGLAccountDataKey
FH,FHDepartmentAccountBreakDatas,FHAccountBreakConfigurationKey,FH,FHAccountBreakConfigurations,FHAccountBreakConfigurationKey
FH,FHDistributionIdSetupDatas,FHBankAccountSetupDataKey,FH,FHBankAccountSetupDatas,FHBankAccountSetupDataKey
FH,FHExportCsvLogDatas,FHExportCsvDataKey,FH,FHExportCsvDatas,FHExportCsvDataKey
FH,FHFrontDeskPayrixFundingDatas,FHBankTransactionDataKey,FH,FHBankTransactionDatas,FHBankTransactionDataKey
FH,FHFrontDeskPayrixFundingTransactionDatas,FHBankTransactionDataKey,FH,FHBankTransactionDatas,FHBankTransactionDataKey
FH,FHFrontDeskPayrixFundingTransactionDatas,FHFrontDeskPayrixFundingDataKey,FH,FHFrontDeskPayrixFundingDatas,FHFrontDeskPayrixFundingDataKey
FH,FHFundAccountBreakDatas,FHAccountBreakConfigurationKey,FH,FHAccountBreakConfigurations,FHAccountBreakConfigurationKey
FH,FHGLAccountDatas,FHAccountLineBreakDataKey,FH,FHAccountLineBreakDatas,FHAccountLineBreakDataKey
FH,FHGLAccountDatas,FHActivityAccountBreakDataKey,FH,FHActivityAccountBreakDatas,FHActivityAccountBreakDataKey
FH,FHGLAccountDatas,FHBankAccountSetupDataKey,FH,FHBankAccountSetupDatas,FHBankAccountSetupDataKey
FH,FHGLAccountDatas,FHDepartmentAccountBreakDataKey,FH,FHDepartmentAccountBreakDatas,FHDepartmentAccountBreakDataKey
FH,FHGLAccountDatas,FHDistributionIdSetupDataKey,FH,FHDistributionIdSetupDatas,FHDistributionIdSetupDataKey
FH,FHGLAccountDatas,FHFundAccountBreakDataKey,FH,FHFundAccountBreakDatas,FHFundAccountBreakDataKey
FH,FHGLAccountDatas,FHProjectDataKey,FH,FHProjectDatas,FHProjectDataKey
FH,FHGLBankCashLineDatas,FHGLAccountDataKey,FH,FHGLAccountDatas,FHGLAccountDataKey
FH,FHGLBankCashLineDatas,FHGLBankTransferDataKey,FH,FHGLBankTransferDatas,FHGLBankTransferDataKey
FH,FHGLBankTransferDatas,BankFromKey,FH,FHBankAccountSetupDatas,FHBankAccountSetupDataKey
FH,FHGLBankTransferDatas,BankToKey,FH,FHBankAccountSetupDatas,FHBankAccountSetupDataKey
FH,FHGLBudgetAmendLogs,FHGLAccountDataKey,FH,FHGLAccountDatas,FHGLAccountDataKey
FH,FHGLBudgetAmendLogs,FHGLBudgetDataKey,FH,FHGLBudgetDatas,FHGLBudgetDataKey
FH,FHGLBudgetDatas,FHGLAccountDataKey,FH,FHGLAccountDatas,FHGLAccountDataKey
FH,FHGLEntryDatas,FHAPInvoiceDataKey,FH,FHAPInvoiceDatas,FHAPInvoiceDataKey
FH,FHGLEntryDatas,FHBankTransactionDataKey,FH,FHBankTransactionDatas,FHBankTransactionDataKey
FH,FHGLEntryDatas,FHBookDataKey,FH,FHBookDatas,FHBookDataKey
FH,FHGLEntryDatas,FHGLAccountDataKey,FH,FHGLAccountDatas,FHGLAccountDataKey
FH,FHGLEntryDatas,FHGLBankTransferDataKey,FH,FHGLBankTransferDatas,FHGLBankTransferDataKey
FH,FHGLEntryDatas,FHGLJournalDataKey,FH,FHGLJournalDatas,FHGLJournalDataKey
FH,FHGLEntryRecurringDatas,FHBookDataKey,FH,FHBookDatas,FHBookDataKey
FH,FHGLEntryRecurringDatas,FHGLAccountDataKey,FH,FHGLAccountDatas,FHGLAccountDataKey
FH,FHGLEntryRecurringDatas,FHGLJournalRecurringDataKey,FH,FHGLJournalRecurringDatas,FHGLJournalRecurringDataKey
FH,FHGLEntryTemplateDatas,FHGLAccountDataKey,FH,FHGLAccountDatas,FHGLAccountDataKey
FH,FHGLEntryTemplateDatas,FHGLJournalTemplateDataKey,FH,FHGLJournalTemplateDatas,FHGLJournalTemplateDataKey
FH,FHGLJournalDatas,FHGLJournalReversedFromDataKey,FH,FHGLJournalDatas,FHGLJournalDataKey
FH,FHGLJournalDatas,FHGLJournalReversedToDataKey,FH,FHGLJournalDatas,FHGLJournalDataKey
FH,FHGLJournalDatas,FHGLJournalRecurringScheduleKey,FH,FHGLJournalRecurringSchedules,FHGLEntryRecurringScheduleKey
FH,FHGLJournalDatas,FHGLJournalTemplateKey,FH,FHGLJournalTemplates,FHGLJournalTemplateKey
FH,FHGLJournalRecurringDatas,FHGLJournalRecurringScheduleKey,FH,FHGLJournalRecurringSchedules,FHGLEntryRecurringScheduleKey
FH,FHGLJournalTemplateDatas,FHGLJournalTemplateKey,FH,FHGLJournalTemplates,FHGLJournalTemplateKey
FH,FHGLRevenueCodeDatas,FHARPaymentTypeKey,FH,FHARPaymentTypes,FHARPaymentTypeKey
FH,FHGLRevenueCodeDatas,FHBankAccountSetupDataKey,FH,FHBankAccountSetupDatas,FHBankAccountSetupDataKey
FH,FHGLTransferLineDatas,FHGLAccountDataKey,FH,FHGLAccountDatas,FHGLAccountDataKey
FH,FHGLTransferLineDatas,FHGLBankTransferDataKey,FH,FHGLBankTransferDatas,FHGLBankTransferDataKey
FH,FHIVRPaymentDatas,FHIVRPaymentUploadFileDataKey,FH,FHIVRPaymentUploadFileDatas,FHIVRPaymentUploadFileDataKey
FH,FHReceiptRunBankTransactionMappingDatas,FHBankTransactionDataKey,FH,FHBankTransactionDatas,FHBankTransactionDataKey
FH,FHReceiptRunBankTransactionMappingDatas,FHProcessedReceiptRunDataKey,FH,FHProcessedReceiptRunDatas,FHProcessedReceiptRunDataKey
FH,FHReceiptRunBankTransactionMappingDatas,FHRevenueReceiptDataKey,FH,FHRevenueReceiptDatas,FHRevenueReceiptDataKey
FH,FHReceiptRunJournalMappingDatas,FHGLJournalDataKey,FH,FHGLJournalDatas,FHGLJournalDataKey
FH,FHReceiptRunJournalMappingDatas,FHProcessedReceiptRunDataKey,FH,FHProcessedReceiptRunDatas,FHProcessedReceiptRunDataKey
FH,FHReceiptRunJournalMappingDatas,FHRevenueReceiptDataKey,FH,FHRevenueReceiptDatas,FHRevenueReceiptDataKey
FH,FHReportConfigs,ReportDataSourceId,FH,FHReportDataSources,Id
FH,FHRevenueGLDistributionDatas,FHGLAccountDataKey,FH,FHGLAccountDatas,FHGLAccountDataKey
FH,FHRevenueGLDistributionDatas,FHGLRevenueCodeDataKey,FH,FHGLRevenueCodeDatas,FHGLRevenueCodeDataKey
FH,FHRevenueReceiptDatas,FHARPaymentTypeKey,FH,FHARPaymentTypes,FHARPaymentTypeKey
FH,FHRevenueReceiptDatas,FHGLRevenueCodeDataKey,FH,FHGLRevenueCodeDatas,FHGLRevenueCodeDataKey
FH,FHRevenueReceiptDatas,FHProcessedReceiptRunDataKey,FH,FHProcessedReceiptRunDatas,FHProcessedReceiptRunDataKey
FH,FHRevenueReceiptDatas,FHRevenueReceiptBatchDataKey,FH,FHRevenueReceiptBatchDatas,FHRevenueReceiptBatchDataKey
FH,FHRevenueReceiptDatas,FHRevenueRecordDataKey,FH,FHRevenueRecordDatas,FHRevenueRecordDataKey
FH,FHRevenueReceiptGLDistributionDatas,FHGLAccountDataKey,FH,FHGLAccountDatas,FHGLAccountDataKey
FH,FHRevenueReceiptGLDistributionDatas,FHRevenueReceiptDataKey,FH,FHRevenueReceiptDatas,FHRevenueReceiptDataKey
FH,FHRevenueReceiptPaymentRecordDatas,FHRevenueReceiptDataKey,FH,FHRevenueReceiptDatas,FHRevenueReceiptDataKey
FH,FHRevenueReceiptPaymentRecordDatas,FHRevenueRecordDataKey,FH,FHRevenueRecordDatas,FHRevenueRecordDataKey
FH,FHRevenueRecordDatas,FHARPaymentTypeKey,FH,FHARPaymentTypes,FHARPaymentTypeKey
FH,FHRevenueRecordDatas,FHBankTransactionDataKey,FH,FHBankTransactionDatas,FHBankTransactionDataKey
FH,FHTaxForm1096ContactPersonData,FHTaxFormYearEndPrintLogKey,FH,FHTaxFormYearEndPrintLogs,FHTaxFormYearEndPrintLogKey
FH,FHTaxFormPrintTemplates,FHFontFamilyDataKey,FH,FHFontFamilyDatas,FHFontFamilyDataKey
FH,FHTaxFormYearEndPrintVendorLogs,FHTaxFormYearEndPrintLogKey,FH,FHTaxFormYearEndPrintLogs,FHTaxFormYearEndPrintLogKey
FH,FHTaxFormYearEndPrintVendorLogs,FHVendorSetupDataKey,FH,FHVendorSetupDatas,FHVendorSetupDataKey
FH,FHUBRevenueCodeDatas,FHBankAccountSetupDataKey,FH,FHBankAccountSetupDatas,FHBankAccountSetupDataKey
FH,FHUbARReceiptDatas,FHARPaymentTypeKey,FH,FHARPaymentTypes,FHARPaymentTypeKey
FH,FHUbARReceiptDatas,FHUBRevenueCodeDataKey,FH,FHUBRevenueCodeDatas,FHUBRevenueCodeDataKey
FH,FHUbARReceiptDatas,FHUbARReceiptBatchDataKey,FH,FHUbARReceiptBatchDatas,FHUbARReceiptBatchDataKey
FH,FHUbARReceiptPaymentDatas,FHARPaymentTypeKey,FH,FHARPaymentTypes,FHARPaymentTypeKey
FH,FHUbARReceiptPaymentDatas,FHBankTransactionDataKey,FH,FHBankTransactionDatas,FHBankTransactionDataKey
FH,FHUbARReceiptPaymentRecordDatas,FHUbARReceiptDataKey,FH,FHUbARReceiptDatas,FHUbARReceiptDataKey
FH,FHUbARReceiptPaymentRecordDatas,FHUbARReceiptPaymentDataKey,FH,FHUbARReceiptPaymentDatas,FHUbARReceiptPaymentDataKey
FH,FHUbARReceiptPaymentRecordDatas,FHUbProcessedReceiptRunDataKey,FH,FHUbProcessedReceiptRunDatas,FHUbProcessedReceiptRunDataKey
FH,FHUbProcessedReceiptRunlogs,FHUbARReceiptDataKey,FH,FHUbARReceiptDatas,FHUbARReceiptDataKey
FH,FHUbProcessedReceiptRunlogs,FHUbARReceiptPaymentRecordDataKey,FH,FHUbARReceiptPaymentRecordDatas,FHUbARReceiptPaymentRecordDataKey
FH,FHUbProcessedReceiptRunlogs,FHUbProcessedReceiptRunDataKey,FH,FHUbProcessedReceiptRunDatas,FHUbProcessedReceiptRunDataKey
FH,FHVendorAttachmentFileDatas,FHVendorSetupDataKey,FH,FHVendorSetupDatas,FHVendorSetupDataKey
FH,FHVendorGLDistributionDatas,FHGLAccountDataKey,FH,FHGLAccountDatas,FHGLAccountDataKey
FH,FHVendorGLDistributionDatas,FHVendorSetupDataKey,FH,FHVendorSetupDatas,FHVendorSetupDataKey
FH,FHVendorPaymentAmountDatas,FHVendorSetupDataKey,FH,FHVendorSetupDatas,FHVendorSetupDataKey
FH,FHVoucherPrintTemplates,PrintPaperFontCode,FH,FHFonts,Code
FH,FHYearEndDistributionDatas,FHFundAccountBreakDataKey,FH,FHFundAccountBreakDatas,FHFundAccountBreakDataKey
FH,FHYearEndDistributionDatas,FundBalanceGlAccountDataKey,FH,FHGLAccountDatas,FHGLAccountDataKey
FH,FHYearEndDistributionDatas,ProfitHandlerGlAccountDataKey,FH,FHGLAccountDatas,FHGLAccountDataKey
FH,FHYearEndRollDatas,FHJournaDataKey,FH,FHGLJournalDatas,FHGLJournalDataKey
FH,ReportRelatedAccountBreakAccountLineMappings,FHAccountLineBreakDataKey,FH,FHAccountLineBreakDatas,FHAccountLineBreakDataKey
FH,ReportRelatedAccountBreakAccountLineMappings,ReportRelatedAccountBreakKey,FH,ReportRelatedAccountBreaks,ReportRelatedAccountBreakKey
FH,ReportRelatedAccountBreaks,FHReportRelatedAccountBreakConfigurationKey,FH,FHReportRelatedAccountBreakConfigurations,FHReportRelatedAccountBreakConfigurationKey
